image_name,x_0,y_0,z_0,x_1,y_1,z_1,x_2,y_2,z_2,x_3,y_3,z_3,x_4,y_4,z_4,x_5,y_5,z_5,x_6,y_6,z_6,x_7,y_7,z_7,x_8,y_8,z_8,x_9,y_9,z_9,x_10,y_10,z_10,x_11,y_11,z_11,x_12,y_12,z_12,x_13,y_13,z_13,x_14,y_14,z_14,x_15,y_15,z_15,x_16,y_16,z_16,x_17,y_17,z_17,x_18,y_18,z_18,x_19,y_19,z_19,x_20,y_20,z_20,x_21,y_21,z_21,x_22,y_22,z_22,x_23,y_23,z_23,x_24,y_24,z_24,x_25,y_25,z_25,x_26,y_26,z_26,x_27,y_27,z_27,x_28,y_28,z_28,x_29,y_29,z_29,x_30,y_30,z_30,x_31,y_31,z_31,x_32,y_32,z_32
2527-12_70641.jpg,0.5120829939842224,0.2689262330532074,0.5318775773048401,0.5107110142707825,0.2574796974658966,0.526800811290741,0.5086175203323364,0.25547945499420166,0.5268797874450684,0.5063965320587158,0.2538180649280548,0.526922345161438,0.5174498558044434,0.26262399554252625,0.530599057674408,0.5201433300971985,0.2639176845550537,0.5306417346000671,0.522678017616272,0.265045702457428,0.5305092334747314,0.5064769983291626,0.255794495344162,0.4485437273979187,0.5296269655227661,0.27179503440856934,0.4674127399921417,0.5086662173271179,0.27334266901016235,0.4994402229785919,0.5170327425003052,0.27897268533706665,0.5053894519805908,0.46932274103164673,0.29277467727661133,0.36199191212654114,0.5517059564590454,0.3553703725337982,0.3115382790565491,0.42783212661743164,0.40796247124671936,0.30913451313972473,0.5202649831771851,0.48020821809768677,0.2608042061328888,0.3971995413303375,0.48747777938842773,0.2887854278087616,0.4875343441963196,0.571509599685669,0.2627932131290436,0.3886677622795105,0.5024772882461548,0.2783747613430023,0.4818823039531708,0.5910298824310303,0.2564484179019928,0.39068353176116943,0.5101075172424316,0.28429192304611206,0.4775758385658264,0.5879359245300293,0.258596271276474,0.39685818552970886,0.502608597278595,0.28811952471733093,0.4788265526294708,0.5792428255081177,0.2633165419101715,0.42988187074661255,0.4454878568649292,0.04821594059467316,0.46691957116127014,0.49450793862342834,-0.04864592105150223,0.33017346262931824,0.5300098061561584,-0.028223447501659393,0.37138092517852783,0.591084897518158,-0.14514881372451782,0.23481646180152893,0.6318710446357727,-0.12586279213428497,0.2531488835811615,0.6683974862098694,-0.2670040726661682,0.21776290237903595,0.6438437700271606,-0.14369513094425201,0.22797498106956482,0.6708909869194031,-0.2834588289260864,0.21255476772785187,0.6565372943878174,-0.20003022253513336,0.23449517786502838,0.7075972557067871,-0.35014817118644714
2527-12_70642.jpg,0.5199968218803406,0.26039618253707886,0.4690966010093689,0.5186928510665894,0.24875646829605103,0.45126771926879883,0.5166357159614563,0.24747386574745178,0.451308935880661,0.5144069194793701,0.2462809681892395,0.4513198137283325,0.5255832672119141,0.25302740931510925,0.45643502473831177,0.5281751155853271,0.25477105379104614,0.45642128586769104,0.5306477546691895,0.2563818097114563,0.4562819302082062,0.5137085914611816,0.25049564242362976,0.34672775864601135,0.5371710062026978,0.26555967330932617,0.3712986707687378,0.516788125038147,0.2673794627189636,0.4318317472934723,0.5251711010932922,0.27251115441322327,0.43904075026512146,0.4729743003845215,0.2789458632469177,0.2801237106323242,0.5581084489822388,0.3529585897922516,0.23279467225074768,0.42200979590415955,0.37618452310562134,0.23012612760066986,0.5228530168533325,0.4752214252948761,0.19860203564167023,0.3797215223312378,0.46900302171707153,0.20835044980049133,0.4877544939517975,0.5734652280807495,0.21617814898490906,0.36595743894577026,0.4873909652233124,0.19914573431015015,0.48186466097831726,0.5959874987602234,0.20840778946876526,0.368486225605011,0.49627506732940674,0.19770611822605133,0.4777657091617584,0.594097912311554,0.21056924760341644,0.37517765164375305,0.48964163661003113,0.20507194101810455,0.47759220004081726,0.5847029089927673,0.21660351753234863,0.421570748090744,0.4504167437553406,0.05014286935329437,0.4550229012966156,0.5041047930717468,-0.050426311790943146,0.32158398628234863,0.5400481224060059,0.005256699398159981,0.3544846177101135,0.6065590381622314,-0.14105470478534698,0.22681604325771332,0.6400073766708374,-0.05981744825839996,0.23696662485599518,0.6524068713188171,-0.23984207212924957,0.20922468602657318,0.6523469090461731,-0.07361211627721786,0.21646347641944885,0.6522247791290283,-0.2523006200790405,0.21163193881511688,0.6753789782524109,-0.1398613601922989,0.2210397720336914,0.7068957090377808,-0.3267529010772705
2527-12_70643.jpg,0.5143578052520752,0.2507174611091614,0.11405657976865768,0.5142568945884705,0.23991580307483673,0.08126156777143478,0.5125098824501038,0.23866048455238342,0.08129677176475525,0.5104904174804688,0.23761305212974548,0.08133015036582947,0.520666241645813,0.24460333585739136,0.09295313060283661,0.5233494639396667,0.24679633975028992,0.09289423376321793,0.5257656574249268,0.24903878569602966,0.09277980774641037,0.5125167965888977,0.24308812618255615,-0.03824883699417114,0.5336323380470276,0.2614823877811432,0.014901483431458473,0.5124335289001465,0.2576461136341095,0.07606381177902222,0.5205098390579224,0.2631226181983948,0.09167848527431488,0.4773523211479187,0.27383357286453247,-0.06051018089056015,0.5579228401184082,0.35811442136764526,-0.04898662120103836,0.4219408333301544,0.36545509099960327,-0.0803692564368248,0.5212652087211609,0.4823560416698456,-0.04138582572340965,0.3658061623573303,0.4456269145011902,-0.06447239220142365,0.48309236764907837,0.5760639905929565,-0.020340491086244583,0.350058913230896,0.46327731013298035,-0.067450150847435,0.47286075353622437,0.5934996008872986,-0.020967692136764526,0.350866436958313,0.4653167426586151,-0.0704713836312294,0.4698202311992645,0.5922514200210571,-0.023860950022935867,0.35875067114830017,0.4609791338443756,-0.06503957509994507,0.4706317186355591,0.5832901000976562,-0.02132016234099865,0.42092928290367126,0.47027426958084106,0.04010532796382904,0.452381432056427,0.5308451652526855,-0.04041775315999985,0.32880112528800964,0.5377687215805054,0.08978082984685898,0.35475480556488037,0.6041422486305237,-0.08633764833211899,0.2460324466228485,0.6341714859008789,0.10416965186595917,0.25181543827056885,0.663446307182312,-0.1490337997674942,0.23184213042259216,0.6407954096794128,0.1031072586774826,0.23780828714370728,0.664696216583252,-0.15451444685459137,0.2187395989894867,0.6641029119491577,0.040515344589948654,0.21612583100795746,0.7045236229896545,-0.2278304249048233
2527-12_70644.jpg,0.51130211353302,0.2596006989479065,-0.33830729126930237,0.5170061588287354,0.2470807433128357,-0.3478294312953949,0.5188276767730713,0.24687257409095764,-0.34780609607696533,0.5205685496330261,0.24667996168136597,-0.3478311002254486,0.5142359137535095,0.2469685673713684,-0.33150428533554077,0.5144312977790833,0.246657595038414,-0.33160778880119324,0.5145846605300903,0.24618354439735413,-0.3317607343196869,0.527961254119873,0.24960851669311523,-0.31789517402648926,0.5187771916389465,0.2458399087190628,-0.24172501266002655,0.5170454978942871,0.26889798045158386,-0.3202480673789978,0.5132637619972229,0.26687461137771606,-0.29816874861717224,0.5604235529899597,0.3529413342475891,-0.24413368105888367,0.4765051007270813,0.2803788483142853,-0.1607794612646103,0.5278667211532593,0.47302302718162537,-0.21311362087726593,0.42885449528694153,0.3704276382923126,-0.11265694350004196,0.4925600588321686,0.5686925053596497,-0.26754534244537354,0.3716334402561188,0.4546542167663574,-0.1747637689113617,0.48898205161094666,0.5972410440444946,-0.28830885887145996,0.354245126247406,0.479444682598114,-0.1882595270872116,0.48373687267303467,0.5928140878677368,-0.3130020201206207,0.3574196398258209,0.483043909072876,-0.2243276983499527,0.48271292448043823,0.5821847319602966,-0.2782200574874878,0.3656531870365143,0.47833162546157837,-0.19027909636497498,0.4542665183544159,0.5223475694656372,-0.03652088716626167,0.4278654456138611,0.4741779863834381,0.036576639860868454,0.3665804862976074,0.5834987759590149,-0.13372305035591125,0.3496319651603699,0.5538644790649414,0.008923137560486794,0.2710597515106201,0.655072033405304,-0.020007876679301262,0.2671278715133667,0.6443458199501038,0.12959423661231995,0.26083874702453613,0.6696057319641113,-0.014236506074666977,0.25843775272369385,0.6649774312973022,0.1357065737247467,0.23789018392562866,0.6774535179138184,-0.12047728151082993,0.23478373885154724,0.6511297821998596,0.03173677623271942
2527-12_70645.jpg,0.5058557987213135,0.2481490969657898,-0.2781200408935547,0.5092969536781311,0.23412537574768066,-0.29256078600883484,0.5097288489341736,0.23391294479370117,-0.2925858199596405,0.510057270526886,0.2336447536945343,-0.2926904261112213,0.5092617869377136,0.2357431799173355,-0.2745565176010132,0.509857714176178,0.2365759164094925,-0.27460965514183044,0.5103757977485657,0.23713135719299316,-0.27477607131004333,0.5149791240692139,0.24103505909442902,-0.29119789600372314,0.5144861340522766,0.2422177791595459,-0.20879830420017242,0.5074250102043152,0.2595877945423126,-0.27097246050834656,0.5067325234413147,0.2607695162296295,-0.2470959722995758,0.5568328499794006,0.34894219040870667,-0.2529802918434143,0.4674149453639984,0.29450416564941406,-0.14312411844730377,0.5276123285293579,0.47201788425445557,-0.2307654470205307,0.43236684799194336,0.4069291055202484,-0.09535244107246399,0.4921881854534149,0.5691502094268799,-0.2670162320137024,0.4027579128742218,0.5254721641540527,-0.14537635445594788,0.48836153745651245,0.5984299778938293,-0.29154494404792786,0.3910735547542572,0.5567954182624817,-0.15927347540855408,0.48181745409965515,0.5937239527702332,-0.30811166763305664,0.39783358573913574,0.5624728798866272,-0.18729038536548615,0.4802760183811188,0.5836597681045532,-0.2735184133052826,0.40529483556747437,0.5521352291107178,-0.15713639557361603,0.4613797962665558,0.533126711845398,-0.04282231628894806,0.4287589490413666,0.49706438183784485,0.04282227158546448,0.38298967480659485,0.6058242917060852,-0.040370237082242966,0.35077527165412903,0.5749450922012329,0.09550786763429642,0.310213565826416,0.6474234461784363,0.15087772905826569,0.30869346857070923,0.6291708946228027,0.3358660042285919,0.3056592345237732,0.6751267313957214,0.16794590651988983,0.30447930097579956,0.6244122982025146,0.35923054814338684,0.28055906295776367,0.6718721389770508,0.09612583369016647,0.2819312810897827,0.6186498403549194,0.30715227127075195
2527-12_70646.jpg,0.49596166610717773,0.3049302101135254,-0.5564974546432495,0.5027197599411011,0.28967103362083435,-0.5613527894020081,0.5073554515838623,0.2876160144805908,-0.561438262462616,0.5110040307044983,0.2875576615333557,-0.5616070032119751,0.4927777051925659,0.2869574725627899,-0.5510531067848206,0.49122586846351624,0.28288763761520386,-0.5511457324028015,0.4897203743457794,0.27922889590263367,-0.5513015985488892,0.5203772187232971,0.2698797285556793,-0.47886064648628235,0.4922636151313782,0.2625666558742523,-0.4296411871910095,0.5051400065422058,0.307003915309906,-0.5154097676277161,0.49347347021102905,0.3019556403160095,-0.5014262795448303,0.5520383715629578,0.3481074273586273,-0.37584301829338074,0.45334959030151367,0.2993527352809906,-0.3040761351585388,0.5285471677780151,0.478423535823822,-0.3568952679634094,0.4334743916988373,0.4310978055000305,-0.23810222744941711,0.49559319019317627,0.5769248604774475,-0.4581151008605957,0.42971503734588623,0.5629305243492126,-0.32180535793304443,0.49195563793182373,0.60545814037323,-0.5092536211013794,0.42267298698425293,0.5962849259376526,-0.35963156819343567,0.4834803342819214,0.5990704298019409,-0.5314608216285706,0.430045485496521,0.600868821144104,-0.39127740263938904,0.48171567916870117,0.5890694260597229,-0.4691648781299591,0.433637410402298,0.590950071811676,-0.3364120423793793,0.48129114508628845,0.55852872133255,-0.01937789097428322,0.4276391863822937,0.5238997936248779,0.019426533952355385,0.4824925363063812,0.6443505883216858,0.16566669940948486,0.37633463740348816,0.5887781381607056,0.2423436939716339,0.45160913467407227,0.6621878743171692,0.579993486404419,0.3469284176826477,0.6257794499397278,0.6204702258110046,0.4460533857345581,0.6566753387451172,0.6219096183776855,0.3462607264518738,0.6335448026657104,0.6599028706550598,0.43946969509124756,0.7053061723709106,0.5683181285858154,0.32125985622406006,0.6384153962135315,0.5953821539878845
2527-12_70647.jpg,0.49443623423576355,0.3118310570716858,-0.5362650156021118,0.49852102994918823,0.29528021812438965,-0.5330463647842407,0.5012558102607727,0.29293307662010193,-0.5330916047096252,0.5041022300720215,0.29015636444091797,-0.5332155823707581,0.49038809537887573,0.2947341501712799,-0.5326868891716003,0.48740360140800476,0.29226019978523254,-0.5328119993209839,0.48451924324035645,0.28950390219688416,-0.5329115390777588,0.5071874856948853,0.27380895614624023,-0.42348527908325195,0.4775387942790985,0.27497249841690063,-0.4223605692386627,0.49834269285202026,0.31835776567459106,-0.48638370633125305,0.4887339770793915,0.3151697516441345,-0.48630550503730774,0.5387313961982727,0.3425246477127075,-0.310310035943985,0.4407752454280853,0.3218672275543213,-0.3128564953804016,0.5289255380630493,0.4728153347969055,-0.2856660783290863,0.4319475293159485,0.4474031329154968,-0.27606695890426636,0.496121883392334,0.5742612481117249,-0.3972943127155304,0.44455480575561523,0.5668545961380005,-0.363941490650177,0.4910643398761749,0.6063425540924072,-0.44279733300209045,0.44179415702819824,0.5976314544677734,-0.40140968561172485,0.483193963766098,0.599009096622467,-0.46360430121421814,0.44998350739479065,0.5994454026222229,-0.4296386241912842,0.4832245409488678,0.5861288905143738,-0.4072067141532898,0.45224815607070923,0.5884843468666077,-0.37614795565605164,0.49444571137428284,0.5696740746498108,0.0005472846096381545,0.43909963965415955,0.5535317659378052,-0.000516180822160095,0.4938535988330841,0.6743402481079102,0.030317135155200958,0.43159544467926025,0.6836945414543152,0.06867346167564392,0.4853772521018982,0.7775226831436157,0.3065852224826813,0.4287990927696228,0.7682488560676575,0.341506689786911,0.48159080743789673,0.7867867350578308,0.3322085738182068,0.42950767278671265,0.7785091400146484,0.36765578389167786,0.48617857694625854,0.8296855688095093,0.24640819430351257,0.4255596697330475,0.8126550316810608,0.2756310701370239
2527-12_70648.jpg,0.466847687959671,0.25160741806030273,0.12613780796527863,0.46230369806289673,0.23875832557678223,0.09593185782432556,0.4592573046684265,0.23899397253990173,0.09589651226997375,0.45600220561027527,0.23933865129947662,0.0958671122789383,0.470681369304657,0.23884591460227966,0.09939301013946533,0.47342631220817566,0.2391015738248825,0.09941793233156204,0.4762842059135437,0.23945438861846924,0.09930448234081268,0.45462244749069214,0.2461283802986145,-0.01087740994989872,0.481629341840744,0.2446889579296112,0.004786178935319185,0.4635368287563324,0.2641867697238922,0.09475167840719223,0.4727446138858795,0.26664069294929504,0.09934357553720474,0.42524608969688416,0.3270307183265686,-0.08441271632909775,0.5241044163703918,0.33760619163513184,-0.019817687571048737,0.42823371291160583,0.4545850455760956,-0.12620991468429565,0.5179041028022766,0.46068087220191956,-0.05100655555725098,0.44591253995895386,0.5718792080879211,-0.14311368763446808,0.4839649498462677,0.5614946484565735,-0.1040744036436081,0.4594133496284485,0.6068668365478516,-0.15859822928905487,0.46990177035331726,0.6038448810577393,-0.11123582720756531,0.46187183260917664,0.5990262031555176,-0.15349330008029938,0.4718089997768402,0.5960753560066223,-0.1247897818684578,0.46187081933021545,0.5876908898353577,-0.1416976898908615,0.47287923097610474,0.5866352915763855,-0.1107596904039383,0.44656822085380554,0.5935102701187134,-0.04360656067728996,0.4930989146232605,0.5878454446792603,0.04345497861504555,0.4445204436779022,0.732705295085907,0.1071828231215477,0.4840499758720398,0.7183283567428589,0.19520236551761627,0.4749389588832855,0.867392897605896,0.14279785752296448,0.4856678545475006,0.8632822036743164,0.23994401097297668,0.48534753918647766,0.8806121349334717,0.14697332680225372,0.48772820830345154,0.8875232934951782,0.24536585807800293,0.4752483665943146,0.9186536073684692,0.13501395285129547,0.4768393933773041,0.9033881425857544,0.22390401363372803
2527-12_70649.jpg,0.4478456377983093,0.2845037281513214,-0.3042970597743988,0.4463527798652649,0.26261916756629944,-0.30558910965919495,0.4470922648906708,0.2602938115596771,-0.30564793944358826,0.44758597016334534,0.25818195939064026,-0.305702805519104,0.4454275667667389,0.26606473326683044,-0.2936421036720276,0.44495314359664917,0.2663177251815796,-0.2936992347240448,0.4447535276412964,0.26643723249435425,-0.2938309907913208,0.45290184020996094,0.25655046105384827,-0.2346305251121521,0.44722694158554077,0.26652592420578003,-0.17982709407806396,0.45385000109672546,0.29225313663482666,-0.271211177110672,0.45111432671546936,0.29460832476615906,-0.2556944787502289,0.5108544230461121,0.3314036428928375,-0.17589613795280457,0.41760021448135376,0.33843356370925903,-0.07459338009357452,0.5188764333724976,0.4641580581665039,-0.16793134808540344,0.41896602511405945,0.45642900466918945,-0.02840472385287285,0.49650144577026367,0.5690099000930786,-0.25486892461776733,0.444074422121048,0.5624973177909851,-0.12273657321929932,0.49409064650535583,0.6054211258888245,-0.29001569747924805,0.44387125968933105,0.5944110751152039,-0.1457158327102661,0.48511040210723877,0.5978600382804871,-0.3098627030849457,0.45485246181488037,0.5928792357444763,-0.17783702909946442,0.4846283495426178,0.5854848623275757,-0.2632104456424713,0.45721277594566345,0.5813042521476746,-0.13658630847930908,0.49779075384140015,0.5879014134407043,-0.03445985168218613,0.44829630851745605,0.5904527306556702,0.034611381590366364,0.4738076627254486,0.7317491173744202,-0.10355135798454285,0.4572281241416931,0.7594869136810303,-0.003263465827330947,0.49042513966560364,0.8699352741241455,0.1085040494799614,0.4696865975856781,0.9293835163116455,0.11590023338794708,0.4930633008480072,0.8829023838043213,0.12542934715747833,0.4699946939945221,0.9573846459388733,0.12341397255659103,0.49358800053596497,0.9347503185272217,0.044918809086084366,0.4597429037094116,0.9937182664871216,0.015437329187989235
2527-12_70650.jpg,0.42248284816741943,0.25554874539375305,0.030042873695492744,0.41764509677886963,0.2391849309206009,0.001465878332965076,0.41545045375823975,0.23944030702114105,0.0013883983483538032,0.41319820284843445,0.2400725781917572,0.001310618594288826,0.4257228970527649,0.23645859956741333,0.01071882713586092,0.4288845360279083,0.2349790632724762,0.010746579617261887,0.431888610124588,0.23380237817764282,0.01065447460860014,0.41711023449897766,0.24394503235816956,-0.08388258516788483,0.43948251008987427,0.236935555934906,-0.042023319751024246,0.4238341450691223,0.26753881573677063,0.006552328821271658,0.43236029148101807,0.26571428775787354,0.01875837706029415,0.4007796347141266,0.32935208082199097,-0.12377199530601501,0.4978538155555725,0.3173556923866272,-0.04534377530217171,0.43873515725135803,0.4588538408279419,-0.15137673914432526,0.5089937448501587,0.44364750385284424,-0.06720252335071564,0.4452730715274811,0.5669957399368286,-0.1625913679599762,0.49651890993118286,0.5515164136886597,-0.11916793137788773,0.4482211768627167,0.6003386974334717,-0.17997604608535767,0.5018572211265564,0.5787875056266785,-0.13099652528762817,0.44861552119255066,0.5949962139129639,-0.17826542258262634,0.4944440722465515,0.5805136561393738,-0.14454202353954315,0.44896459579467773,0.582913875579834,-0.16291002929210663,0.49036213755607605,0.5731545686721802,-0.12801939249038696,0.45693016052246094,0.5821198225021362,-0.03176749870181084,0.4935787320137024,0.5731055736541748,0.03176894038915634,0.4773545265197754,0.692818820476532,0.13093876838684082,0.4908303916454315,0.6893980503082275,0.20402194559574127,0.4953487515449524,0.824662983417511,0.2623995244503021,0.5026751160621643,0.8150209188461304,0.3260032534599304,0.5026026368141174,0.849730908870697,0.2745707333087921,0.5043978691101074,0.8390072584152222,0.33897796273231506,0.4901462197303772,0.8460108041763306,0.24037279188632965,0.5035195350646973,0.8399959802627563,0.30628445744514465
2527-12_70651.jpg,0.40904510021209717,0.2561185956001282,-0.47020262479782104,0.41008350253105164,0.2362145185470581,-0.46125921607017517,0.4130896329879761,0.23456639051437378,-0.46132129430770874,0.4162725806236267,0.23309731483459473,-0.46146345138549805,0.40455394983291626,0.24108898639678955,-0.45852771401405334,0.40365758538246155,0.24243813753128052,-0.45861515402793884,0.40241891145706177,0.24429193139076233,-0.45872098207473755,0.424015074968338,0.23408110439777374,-0.34618574380874634,0.40541377663612366,0.24925629794597626,-0.33187469840049744,0.4197433590888977,0.2648627460002899,-0.4213285744190216,0.41039928793907166,0.26948848366737366,-0.41744667291641235,0.48198479413986206,0.3036383390426636,-0.23792137205600739,0.38831382989883423,0.345222145318985,-0.23747268319129944,0.5078762769699097,0.44314226508140564,-0.21887730062007904,0.40932512283325195,0.46733248233795166,-0.19784705340862274,0.5128660798072815,0.5558920502662659,-0.33289748430252075,0.44140517711639404,0.5608978867530823,-0.2930086553096771,0.5169961452484131,0.5957367420196533,-0.376192182302475,0.4444841742515564,0.5932053327560425,-0.33019837737083435,0.5091930627822876,0.597439706325531,-0.4028652608394623,0.4498712420463562,0.5896747708320618,-0.3636780083179474,0.5059526562690735,0.5857979655265808,-0.3462252914905548,0.45144766569137573,0.5777034759521484,-0.30840322375297546,0.5106306672096252,0.5358046889305115,0.010631517507135868,0.4558798372745514,0.5700730681419373,-0.010567693039774895,0.6011540293693542,0.6159220337867737,-0.04062017798423767,0.47076916694641113,0.731573224067688,-0.025652768090367317,0.6352864503860474,0.7004302144050598,0.26165077090263367,0.48886579275131226,0.8690632581710815,0.24223358929157257,0.6314977407455444,0.713273823261261,0.2882424294948578,0.4949949085712433,0.8824278116226196,0.2656266987323761,0.6688555479049683,0.7428919672966003,0.19678084552288055,0.49915647506713867,0.9386606216430664,0.14539889991283417
2527-12_70652.jpg,0.416448175907135,0.26791131496429443,-0.3863997459411621,0.41522887349128723,0.25296515226364136,-0.3765648603439331,0.41637474298477173,0.2509702742099762,-0.37666499614715576,0.41752856969833374,0.24903321266174316,-0.3767845928668976,0.4107179045677185,0.2561567723751068,-0.3789348900318146,0.4087439775466919,0.25636395812034607,-0.378933846950531,0.40659305453300476,0.256850928068161,-0.37900203466415405,0.4159613251686096,0.247050940990448,-0.2575244605541229,0.40139296650886536,0.2583097815513611,-0.26802346110343933,0.4201942980289459,0.27408769726753235,-0.3351110816001892,0.41464605927467346,0.27864450216293335,-0.3385801613330841,0.46357834339141846,0.28897354006767273,-0.16934636235237122,0.37867414951324463,0.3507406413555145,-0.15424546599388123,0.5049288868904114,0.40504997968673706,-0.132588192820549,0.40843528509140015,0.461916983127594,-0.09459224343299866,0.5462113618850708,0.5143496990203857,-0.25349318981170654,0.44300493597984314,0.5592811107635498,-0.19463936984539032,0.561765730381012,0.5408459901809692,-0.2898698151111603,0.44218558073043823,0.5926995277404785,-0.22543010115623474,0.5550411939620972,0.5477873682975769,-0.3210037052631378,0.4469947814941406,0.5909010767936707,-0.26428326964378357,0.5464501976966858,0.539192795753479,-0.267818421125412,0.4489434063434601,0.578794002532959,-0.21199959516525269,0.5178177356719971,0.5102695226669312,-0.001727620605379343,0.4710288643836975,0.5600478649139404,0.0018069427460432053,0.60055011510849,0.5831736922264099,-0.037532635033130646,0.48660337924957275,0.6826059222221375,-0.12967164814472198,0.6266015768051147,0.58855801820755,0.3200441896915436,0.522706925868988,0.7372397184371948,0.16530656814575195,0.620047390460968,0.5816795825958252,0.35496005415916443,0.5296501517295837,0.7403514385223389,0.19486784934997559,0.6531170606613159,0.5932949781417847,0.30115634202957153,0.5352438688278198,0.7783576250076294,0.11267086863517761
2527-12_70653.jpg,0.3981899321079254,0.28584861755371094,-0.317857027053833,0.40331992506980896,0.26948076486587524,-0.3108876943588257,0.40629369020462036,0.2666146159172058,-0.3109695315361023,0.409166157245636,0.2639235258102417,-0.31107771396636963,0.39537593722343445,0.2723405063152313,-0.3087930977344513,0.3930811882019043,0.2714730203151703,-0.3088224530220032,0.3908575773239136,0.2705024778842926,-0.30888795852661133,0.412661075592041,0.2549661099910736,-0.2146943360567093,0.38902968168258667,0.2632913291454315,-0.20443320274353027,0.40472304821014404,0.2888314723968506,-0.275753915309906,0.3954852223396301,0.2926296591758728,-0.27334317564964294,0.4529580771923065,0.28314194083213806,-0.1214471161365509,0.37123221158981323,0.3536617159843445,-0.1003570482134819,0.5070205926895142,0.3743615746498108,-0.08588715642690659,0.40508779883384705,0.4661475718021393,-0.033713120967149734,0.565029501914978,0.4621849060058594,-0.18056663870811462,0.4437033236026764,0.5588369369506836,-0.09916544705629349,0.5820339918136597,0.4856562912464142,-0.19987669587135315,0.4464287757873535,0.5894255042076111,-0.1163102462887764,0.5801068544387817,0.4935246706008911,-0.22977760434150696,0.4515233635902405,0.5872818827629089,-0.14814411103725433,0.5723456144332886,0.4906148314476013,-0.19319048523902893,0.4511979818344116,0.5742400884628296,-0.11279582977294922,0.5030639171600342,0.4796890914440155,0.014772946015000343,0.4742621183395386,0.5395199656486511,-0.014699681662023067,0.5769829154014587,0.5149011611938477,-0.1480737030506134,0.5564212799072266,0.5787879228591919,-0.187527596950531,0.6675480008125305,0.596034049987793,-0.14985591173171997,0.6610410213470459,0.6290987133979797,-0.18520647287368774,0.6821045875549316,0.6140381693840027,-0.15558357536792755,0.6776273846626282,0.6440696120262146,-0.19111594557762146,0.683247983455658,0.6057302951812744,-0.2921329736709595,0.6816098690032959,0.6146142482757568,-0.3242863416671753
2527-12_70654.jpg,0.4021397829055786,0.2647639811038971,0.41866371035575867,0.3982687294483185,0.26062825322151184,0.4098367393016815,0.3960781395435333,0.2624889612197876,0.4097692668437958,0.3937554359436035,0.2644553482532501,0.40970101952552795,0.4038373827934265,0.25457140803337097,0.4057924449443817,0.40543001890182495,0.25240734219551086,0.40583860874176025,0.4071010947227478,0.25032883882522583,0.40578487515449524,0.3891279101371765,0.26851195096969604,0.33342477679252625,0.40770789980888367,0.2499869167804718,0.315958708524704,0.39921778440475464,0.2762531042098999,0.3919636309146881,0.40493515133857727,0.2692026197910309,0.386261910200119,0.3710106313228607,0.3655625879764557,0.23795051872730255,0.44938036799430847,0.2811893820762634,0.213965505361557,0.41355204582214355,0.4697173833847046,0.2099151611328125,0.5118483304977417,0.3629987835884094,0.15706993639469147,0.4518931210041046,0.5617457032203674,0.18815478682518005,0.5700562000274658,0.4467228353023529,0.1637505292892456,0.45476654171943665,0.5926450490951538,0.18563266098499298,0.5876631140708923,0.45743876695632935,0.1646793782711029,0.45942604541778564,0.5849098563194275,0.1857248693704605,0.5866885781288147,0.46151992678642273,0.17246243357658386,0.4603668749332428,0.5736056566238403,0.18838702142238617,0.5794252157211304,0.4611092507839203,0.1678287237882614,0.47263339161872864,0.5245233178138733,-0.002114872680976987,0.4986138939857483,0.46639755368232727,0.0018363759154453874,0.5741594433784485,0.593419075012207,-0.010951030999422073,0.5970646739006042,0.5159475803375244,0.009258351288735867,0.6710245013237,0.6223977208137512,-0.23368646204471588,0.6873703002929688,0.5966958999633789,-0.20492388308048248,0.6872109770774841,0.6400020122528076,-0.2616031765937805,0.6916869282722473,0.5973720550537109,-0.2277912199497223,0.6918376684188843,0.6455991864204407,-0.3371599316596985,0.7074424624443054,0.6091968417167664,-0.2835138142108917
2527-12_70655.jpg,0.40457987785339355,0.28312504291534424,0.45911887288093567,0.4011421501636505,0.27726686000823975,0.4493400454521179,0.39903372526168823,0.2782200276851654,0.44929325580596924,0.3968491554260254,0.27916020154953003,0.44923070073127747,0.40638384222984314,0.2724391222000122,0.44852736592292786,0.4077756106853485,0.27027958631515503,0.4485926330089569,0.4092475175857544,0.2680697441101074,0.4485667049884796,0.39213448762893677,0.27905458211898804,0.3688114285469055,0.4097403585910797,0.2654685378074646,0.3665466010570526,0.4010908007621765,0.289871484041214,0.4304412305355072,0.40674734115600586,0.2847520411014557,0.42909303307533264,0.37460288405418396,0.36301520466804504,0.2622368037700653,0.4492831826210022,0.2790389060974121,0.2689712345600128,0.4182484447956085,0.4779866337776184,0.23612289130687714,0.5083101987838745,0.37425297498703003,0.22070710361003876,0.45378923416137695,0.5629748106002808,0.2294491082429886,0.5537299513816833,0.45881474018096924,0.22912944853305817,0.45868489146232605,0.5879915952682495,0.22335819900035858,0.564020574092865,0.47726237773895264,0.23030643165111542,0.4602316617965698,0.580554723739624,0.2280925065279007,0.5619394779205322,0.48241251707077026,0.2342466413974762,0.46010902523994446,0.5705208778381348,0.23072434961795807,0.5575169324874878,0.478086918592453,0.2312437742948532,0.47750404477119446,0.5173157453536987,-0.010557026602327824,0.5049339532852173,0.4485175907611847,0.010300301015377045,0.584807276725769,0.5791221261024475,-0.017393747344613075,0.6057040095329285,0.5201019644737244,0.030773531645536423,0.6898753643035889,0.6232316493988037,-0.17296014726161957,0.6972745656967163,0.600334644317627,-0.1161556988954544,0.7054764032363892,0.6398057341575623,-0.1937636286020279,0.7073038816452026,0.5912980437278748,-0.13246683776378632,0.7284992933273315,0.6615418791770935,-0.2569403350353241,0.7279567122459412,0.6037963628768921,-0.17849594354629517
2527-12_70656.jpg,0.40394794940948486,0.27997082471847534,0.6008923649787903,0.3996167778968811,0.2790986895561218,0.5957878828048706,0.3971823453903198,0.2818792164325714,0.5958191156387329,0.39445704221725464,0.28484129905700684,0.595804750919342,0.40532684326171875,0.27106934785842896,0.5924386382102966,0.4067128598690033,0.26866888999938965,0.5924811959266663,0.4081813097000122,0.26634201407432556,0.5924177169799805,0.3891908526420593,0.2900819182395935,0.5121356844902039,0.40853068232536316,0.2656826972961426,0.49735498428344727,0.40156203508377075,0.29001009464263916,0.5681407451629639,0.40792468190193176,0.2813485264778137,0.5632745623588562,0.37807756662368774,0.3758034408092499,0.3683100938796997,0.4439181983470917,0.2814444601535797,0.36748045682907104,0.424012154340744,0.5025123357772827,0.3262038826942444,0.49337273836135864,0.38555940985679626,0.35560688376426697,0.4532811939716339,0.5788758397102356,0.34090155363082886,0.518875002861023,0.46070873737335205,0.43730607628822327,0.4580165147781372,0.6004000902175903,0.3351634442806244,0.5218079090118408,0.4656493365764618,0.4541585147380829,0.46235910058021545,0.5919615626335144,0.35102981328964233,0.5188888311386108,0.4824303984642029,0.4570464789867401,0.4610123932361603,0.5821568369865417,0.34544748067855835,0.5151494145393372,0.4820898473262787,0.44162169098854065,0.4696939289569855,0.5065301060676575,-0.002733735367655754,0.4952802360057831,0.42425140738487244,0.002318090293556452,0.5774773359298706,0.5784178972244263,-0.01991341821849346,0.6021050214767456,0.5118122100830078,0.008567236363887787,0.6906291246414185,0.612236499786377,-0.19200539588928223,0.6986741423606873,0.5929936170578003,-0.14956295490264893,0.7047520875930786,0.6365460157394409,-0.21429212391376495,0.7058953046798706,0.5906773209571838,-0.1686759740114212,0.7307246923446655,0.6467281579971313,-0.25723743438720703,0.7365764379501343,0.6016143560409546,-0.2151641696691513
2527-12_70657.jpg,0.4194754362106323,0.30414414405822754,0.5881984233856201,0.4166618287563324,0.30199843645095825,0.5937868356704712,0.41565486788749695,0.3044520616531372,0.5938372015953064,0.4135482907295227,0.30733585357666016,0.5938324928283691,0.41928038001060486,0.29342132806777954,0.588236927986145,0.419680118560791,0.29070889949798584,0.5882996916770935,0.419888436794281,0.287740558385849,0.588239848613739,0.4118465483188629,0.31570112705230713,0.5427542924880981,0.4192408323287964,0.2865757644176483,0.5173507928848267,0.4186367988586426,0.31229156255722046,0.5648707747459412,0.4213285744190216,0.3038688004016876,0.5570299625396729,0.3930993676185608,0.38020437955856323,0.3925953805446625,0.43563342094421387,0.2839356064796448,0.3885858654975891,0.41568776965141296,0.48776254057884216,0.3182402551174164,0.4757102131843567,0.37658631801605225,0.2812466025352478,0.45122024416923523,0.5651940107345581,0.28863152861595154,0.4961276054382324,0.4629199802875519,0.23388922214508057,0.4528530538082123,0.5896192789077759,0.28031125664711,0.501270055770874,0.47748395800590515,0.23493768274784088,0.46441900730133057,0.5803974270820618,0.2943161427974701,0.49699243903160095,0.48739105463027954,0.247810497879982,0.4633932411670685,0.5705124139785767,0.292165607213974,0.4938713014125824,0.4818459451198578,0.23906642198562622,0.45544472336769104,0.4844791293144226,-0.0054216342978179455,0.4756108224391937,0.40278682112693787,0.0048196264542639256,0.5661312341690063,0.5663326978683472,0.026899224147200584,0.5804017186164856,0.49401599168777466,0.027574358507990837,0.663420557975769,0.6011518836021423,-0.2608345150947571,0.672836422920227,0.5725305080413818,-0.23746968805789948,0.6756484508514404,0.6135237216949463,-0.294066846370697,0.6790282726287842,0.5844181776046753,-0.26694098114967346,0.7182449102401733,0.6345531344413757,-0.32683974504470825,0.7135445475578308,0.6066246628761292,-0.3093610405921936
2527-12_70658.jpg,0.41942402720451355,0.29944366216659546,0.5222131609916687,0.4185582101345062,0.2984011769294739,0.5265567302703857,0.4182913899421692,0.29966843128204346,0.526531994342804,0.41794252395629883,0.3007482886314392,0.5264891386032104,0.42076796293258667,0.2949334979057312,0.5238814949989319,0.42150166630744934,0.29406267404556274,0.5239242911338806,0.42219164967536926,0.2929131090641022,0.5237749814987183,0.4203082323074341,0.30533432960510254,0.4849875867366791,0.42548391222953796,0.2916445732116699,0.475342720746994,0.42027080059051514,0.3063526153564453,0.503275990486145,0.4225841462612152,0.3032754063606262,0.5002000331878662,0.40576329827308655,0.36285772919654846,0.3650619387626648,0.4495604932308197,0.31773728132247925,0.3370359241962433,0.42103928327560425,0.4878905713558197,0.23682358860969543,0.4657423794269562,0.4407448470592499,0.2528474032878876,0.44830241799354553,0.5780285596847534,0.10532435029745102,0.47394418716430664,0.5719004273414612,0.21028247475624084,0.4481129050254822,0.6014255285263062,0.07884537428617477,0.4589718282222748,0.5902665257453918,0.19396746158599854,0.4560806155204773,0.5975831151008606,0.0824434757232666,0.4635341763496399,0.5917643308639526,0.19967032968997955,0.4525042176246643,0.5887746810913086,0.10079547762870789,0.47182467579841614,0.5965131521224976,0.2099727839231491,0.4551711082458496,0.4696750342845917,0.03264381363987923,0.4771042764186859,0.42974770069122314,-0.032948531210422516,0.5444262623786926,0.5546447038650513,-0.05069299414753914,0.5709335207939148,0.4898628890514374,-0.13416345417499542,0.6351689100265503,0.6235066652297974,-0.2625601589679718,0.6636425852775574,0.586617112159729,-0.33482906222343445,0.6474812030792236,0.6394365429878235,-0.2908130884170532,0.6729024052619934,0.6114208102226257,-0.3598468005657196,0.6684045791625977,0.6324519515037537,-0.3792059123516083,0.7018886804580688,0.596832811832428,-0.4524517357349396
2527-12_70659.jpg,0.4291183352470398,0.32256853580474854,0.6302255392074585,0.42687633633613586,0.3194252848625183,0.6311750411987305,0.4253893494606018,0.321079283952713,0.6312294006347656,0.4241594076156616,0.32198137044906616,0.6312052011489868,0.42947274446487427,0.31567931175231934,0.6308274865150452,0.4307335615158081,0.3137264847755432,0.6308482885360718,0.4314565062522888,0.3118153214454651,0.6307170987129211,0.42409467697143555,0.3240501880645752,0.5668985843658447,0.43428441882133484,0.3089061379432678,0.5656952857971191,0.42978695034980774,0.3288350999355316,0.6034466624259949,0.43349891901016235,0.32450419664382935,0.6028749346733093,0.40829822421073914,0.37301531434059143,0.4144458472728729,0.46530887484550476,0.3127896189689636,0.43140900135040283,0.41962212324142456,0.4862658381462097,0.3241501450538635,0.49926865100860596,0.4007347524166107,0.33514735102653503,0.44801127910614014,0.579244077205658,0.2782415449619293,0.49636441469192505,0.4934846758842468,0.2966998219490051,0.4446093738079071,0.6025173664093018,0.26534098386764526,0.49677324295043945,0.5101755857467651,0.29521501064300537,0.4501212537288666,0.5989885926246643,0.2835836410522461,0.4841688275337219,0.5185768008232117,0.3017311096191406,0.4522378146648407,0.5910136699676514,0.2818076014518738,0.48280516266822815,0.5123260021209717,0.29682716727256775,0.4506997764110565,0.46925365924835205,0.015610228292644024,0.4852276146411896,0.4131409227848053,-0.015901224687695503,0.5197686553001404,0.5552479028701782,-0.011998931877315044,0.5495390892028809,0.49548494815826416,-0.09523414820432663,0.5960000157356262,0.6260852813720703,-0.2265491932630539,0.6096624135971069,0.5999835729598999,-0.28635111451148987,0.6083081364631653,0.6393706798553467,-0.2557184100151062,0.6138980388641357,0.6217559576034546,-0.3097720742225647,0.6160273551940918,0.638458788394928,-0.3159468472003937,0.63410484790802,0.6226749420166016,-0.37550702691078186
2527-12_70660.jpg,0.4473196268081665,0.3028436601161957,0.3292318880558014,0.45254388451576233,0.2995118200778961,0.33886492252349854,0.4555617570877075,0.2975384593009949,0.3388257920742035,0.45822134613990784,0.2955591380596161,0.33861956000328064,0.44629329442977905,0.30549803376197815,0.3382016718387604,0.44453102350234985,0.30774986743927,0.3382512927055359,0.4423236846923828,0.3093554973602295,0.33816710114479065,0.46211716532707214,0.29901790618896484,0.346716046333313,0.43998560309410095,0.31868401169776917,0.3435612916946411,0.45150452852249146,0.3074188232421875,0.3292432725429535,0.44504183530807495,0.31757253408432007,0.32782667875289917,0.484401673078537,0.316642701625824,0.24682369828224182,0.41905730962753296,0.38654085993766785,0.27834051847457886,0.5009608268737793,0.42043817043304443,0.20952048897743225,0.44381335377693176,0.5004170536994934,0.2331557422876358,0.503680944442749,0.49541088938713074,0.12977275252342224,0.45084935426712036,0.5655072331428528,0.14914290606975555,0.5071237087249756,0.5136984586715698,0.1099654957652092,0.44941627979278564,0.5872240662574768,0.1401861160993576,0.5032800436019897,0.5131826400756836,0.11106513440608978,0.44998905062675476,0.5870447754859924,0.12799035012722015,0.5002651214599609,0.50673508644104,0.1278388798236847,0.4513876140117645,0.5731397271156311,0.14240717887878418,0.496140718460083,0.4472023546695709,-0.006852355320006609,0.4561969041824341,0.4796096086502075,0.0067325434647500515,0.5321424603462219,0.5858016014099121,-0.13053366541862488,0.44524431228637695,0.6238886117935181,-0.09758306294679642,0.49908939003944397,0.5791025757789612,0.09618457406759262,0.4664842486381531,0.6012834906578064,0.1248931884765625,0.49489825963974,0.5688138604164124,0.12488284707069397,0.46825140714645386,0.5892215967178345,0.1550680547952652,0.48519548773765564,0.6153401136398315,0.14178574085235596,0.4754067361354828,0.6228368878364563,0.17013975977897644
2527-12_70661.jpg,0.4703057110309601,0.32540199160575867,0.4056280851364136,0.4657849967479706,0.31405404210090637,0.39149555563926697,0.4613070487976074,0.31289130449295044,0.39146822690963745,0.45752382278442383,0.3116593360900879,0.39127662777900696,0.47636520862579346,0.31687498092651367,0.39436689019203186,0.4808445870876312,0.3181576728820801,0.39441055059432983,0.4848441779613495,0.3185213804244995,0.39433160424232483,0.4542318880558014,0.3151881992816925,0.3076339662075043,0.49080485105514526,0.326398104429245,0.3212706446647644,0.46478626132011414,0.3330755829811096,0.37736889719963074,0.47666919231414795,0.3360923230648041,0.3814074993133545,0.4245556592941284,0.36934977769851685,0.201446995139122,0.5190872550010681,0.4005596935749054,0.24492700397968292,0.4158499538898468,0.5157472491264343,0.16395536065101624,0.5170384049415588,0.5303307771682739,0.2079283893108368,0.4281032085418701,0.6344766020774841,0.1692608743906021,0.505251407623291,0.6245522499084473,0.17596855759620667,0.42713257670402527,0.6596486568450928,0.15445476770401,0.5078325867652893,0.642293393611908,0.16458939015865326,0.4372074007987976,0.660053014755249,0.16348311305046082,0.4980323016643524,0.6409429907798767,0.1693243533372879,0.43957898020744324,0.6504284143447876,0.17165037989616394,0.4934860169887543,0.6332239508628845,0.1754005253314972,0.438564270734787,0.5880280137062073,-0.019916288554668427,0.4934152066707611,0.6082048416137695,0.019442439079284668,0.44671157002449036,0.663719654083252,0.2122846394777298,0.49363991618156433,0.7076183557510376,0.22306442260742188,0.4730943441390991,0.7068040370941162,0.36746644973754883,0.4859716296195984,0.7353059649467468,0.389851450920105,0.4803287088871002,0.7291550636291504,0.38364699482917786,0.4817999005317688,0.7485926151275635,0.4093259274959564,0.47419610619544983,0.6830384731292725,0.40306365489959717,0.4854646921157837,0.7242571115493774,0.42554059624671936
2527-12_70662.jpg,0.4728512167930603,0.33813953399658203,0.15747985243797302,0.4775477945804596,0.33373016119003296,0.1600942611694336,0.479848176240921,0.33374422788619995,0.16003692150115967,0.48209211230278015,0.33383968472480774,0.15990129113197327,0.47138679027557373,0.33326688408851624,0.16313175857067108,0.4693569242954254,0.332766592502594,0.16314378380775452,0.46734219789505005,0.3323401212692261,0.16295810043811798,0.4885656535625458,0.33376505970954895,0.1649191975593567,0.46653077006340027,0.33022135496139526,0.18151068687438965,0.4770793616771698,0.3421052098274231,0.16071870923042297,0.4698849022388458,0.3412112891674042,0.16517366468906403,0.507627546787262,0.36530983448028564,0.10888155549764633,0.4388740658760071,0.3408990502357483,0.15800103545188904,0.49211233854293823,0.5064241886138916,0.06992427259683609,0.4198070168495178,0.5083432197570801,0.15578076243400574,0.48521506786346436,0.6272845268249512,-0.014691582880914211,0.3898909389972687,0.6131227016448975,0.14262859523296356,0.48899176716804504,0.6547195911407471,-0.038552556186914444,0.3827568590641022,0.6354571580886841,0.1423933058977127,0.48382529616355896,0.6579417586326599,-0.0380408950150013,0.38016271591186523,0.6363639235496521,0.12432418763637543,0.4801517128944397,0.6466299891471863,-0.01812157593667507,0.38682037591934204,0.6283190250396729,0.13448713719844818,0.47149980068206787,0.4978942573070526,0.008494538255035877,0.438864529132843,0.48313942551612854,-0.008851501159369946,0.4730086326599121,0.6439917683601379,-0.06791303306818008,0.41303345561027527,0.5909743309020996,-0.07798097282648087,0.427118718624115,0.6279594898223877,0.20027005672454834,0.3875602185726166,0.6432046890258789,0.10203339159488678,0.42516618967056274,0.6079728603363037,0.23155853152275085,0.3849497139453888,0.6435565948486328,0.12357144057750702,0.4051903486251831,0.6534277200698853,0.23356842994689941,0.3814123868942261,0.6876183152198792,0.0998241975903511
2527-12_70663.jpg,0.3834081292152405,0.5791504383087158,0.2764095962047577,0.3773820996284485,0.5709715485572815,0.31527233123779297,0.37509143352508545,0.5654405951499939,0.31511789560317993,0.3728853762149811,0.5599513649940491,0.31516778469085693,0.3845573961734772,0.5843220949172974,0.3142656087875366,0.3872559368610382,0.5882772207260132,0.3142044246196747,0.38997742533683777,0.5920315980911255,0.3141058385372162,0.37698110938072205,0.5355373620986938,0.41964584589004517,0.4024680554866791,0.583217442035675,0.41633668541908264,0.38723912835121155,0.5588335990905762,0.3063570261001587,0.39554673433303833,0.5740463733673096,0.30450382828712463,0.39300617575645447,0.4714904725551605,0.3554520010948181,0.4563821256160736,0.5526977181434631,0.36306652426719666,0.37009501457214355,0.466107577085495,0.23410169780254364,0.49375882744789124,0.5997520685195923,0.2749256491661072,0.3304208219051361,0.565355122089386,0.20082218945026398,0.501796305179596,0.6348888874053955,0.23021858930587769,0.3152984380722046,0.579623818397522,0.19919946789741516,0.5047839283943176,0.6453185081481934,0.22950293123722076,0.3163434863090515,0.5873777270317078,0.20397311449050903,0.4978618621826172,0.6507466435432434,0.22252751886844635,0.3242937922477722,0.5846143364906311,0.20228245854377747,0.4967306852340698,0.6457973718643188,0.22760942578315735,0.47093912959098816,0.3449161648750305,-0.006111728958785534,0.5142106413841248,0.4057496190071106,0.005689621437340975,0.3984837830066681,0.49237871170043945,0.013997561298310757,0.4140086770057678,0.5837481021881104,0.02333558164536953,0.3084113597869873,0.653779149055481,-0.1833624690771103,0.31921306252479553,0.669792652130127,-0.20669645071029663,0.30882424116134644,0.6624536514282227,-0.2100258320569992,0.30489781498908997,0.6561762094497681,-0.23490533232688904,0.27302634716033936,0.7251434326171875,-0.2861773371696472,0.2905217707157135,0.712895393371582,-0.31730979681015015
2527-12_70664.jpg,0.500478982925415,0.25698786973953247,0.3345754146575928,0.5002614259719849,0.24575647711753845,0.3392024636268616,0.4989745616912842,0.24645152688026428,0.3392180800437927,0.4974849820137024,0.2476484775543213,0.33917665481567383,0.5047921538352966,0.2458333671092987,0.344526082277298,0.5066848397254944,0.24641123414039612,0.3445604741573334,0.5083416104316711,0.24748161435127258,0.34443289041519165,0.4980829358100891,0.25726985931396484,0.32507380843162537,0.5112444162368774,0.25800737738609314,0.3501913845539093,0.4980727732181549,0.26945969462394714,0.3264293074607849,0.5028015971183777,0.2700149118900299,0.3338691294193268,0.474090039730072,0.3126950263977051,0.2579016387462616,0.5146554708480835,0.3425004482269287,0.27288755774497986,0.4851034879684448,0.45714014768600464,0.2112971693277359,0.4805469512939453,0.47033241391181946,0.21618375182151794,0.4836827516555786,0.5550270676612854,0.15865641832351685,0.46374017000198364,0.5557926297187805,0.18721893429756165,0.47690534591674805,0.5766162276268005,0.1445789933204651,0.45386824011802673,0.576001763343811,0.17583829164505005,0.47864624857902527,0.5816486477851868,0.14103348553180695,0.44263023138046265,0.5672348141670227,0.16994619369506836,0.47838646173477173,0.5728098154067993,0.15398432314395905,0.4450458884239197,0.5600466132164001,0.1827940046787262,0.4456251263618469,0.45824575424194336,-0.003314811736345291,0.45463594794273376,0.4775014817714691,0.003009446896612644,0.3590201437473297,0.5559600591659546,-0.14132662117481232,0.3728681206703186,0.5688302516937256,-0.1410692036151886,0.2714352607727051,0.6682642102241516,-0.2535760998725891,0.2767888903617859,0.680749773979187,-0.25752758979797363,0.2629556357860565,0.6866469383239746,-0.2718133330345154,0.2632819414138794,0.7068563103675842,-0.27515286207199097,0.23200969398021698,0.7133336067199707,-0.3579346239566803,0.23786912858486176,0.7184974551200867,-0.36677297949790955
2527-12_70665.jpg,0.515682578086853,0.26586782932281494,0.5414115786552429,0.5140434503555298,0.2535151243209839,0.5329236388206482,0.511857807636261,0.2516341209411621,0.5329827666282654,0.509624183177948,0.2500081956386566,0.5330243706703186,0.5212678909301758,0.2596590518951416,0.5375057458877563,0.5239796042442322,0.261954128742218,0.5375455021858215,0.5264912843704224,0.26388460397720337,0.5374113321304321,0.5097241401672363,0.2543412744998932,0.4467635154724121,0.5323043465614319,0.2735203504562378,0.4679039418697357,0.5116457939147949,0.272685706615448,0.5066279172897339,0.5204268097877502,0.27957218885421753,0.5129715204238892,0.469391405582428,0.29286178946495056,0.35740989446640015,0.5487105846405029,0.36752137541770935,0.32047781348228455,0.43574032187461853,0.41295307874679565,0.3205063045024872,0.5228478312492371,0.49514222145080566,0.2825744152069092,0.4005734622478485,0.49949344992637634,0.3105831742286682,0.49165403842926025,0.584481418132782,0.31425151228904724,0.3935956358909607,0.5136948227882385,0.3075784742832184,0.4886776804924011,0.606552243232727,0.31521305441856384,0.39901384711265564,0.5182067155838013,0.30894315242767334,0.481046199798584,0.6023702025413513,0.31932753324508667,0.40432220697402954,0.5118699669837952,0.3097410202026367,0.4792154133319855,0.5933128595352173,0.31692618131637573,0.4272718131542206,0.4463854730129242,0.025910547003149986,0.46467292308807373,0.5011310577392578,-0.02627970650792122,0.328903466463089,0.5588518977165222,-0.039721377193927765,0.364790678024292,0.6258015632629395,-0.11389818042516708,0.24860122799873352,0.6800984144210815,-0.21987080574035645,0.2562766373157501,0.7008469104766846,-0.30349427461624146,0.23777976632118225,0.6984831690788269,-0.24839527904987335,0.24539124965667725,0.7099117040634155,-0.32767584919929504,0.20966438949108124,0.7224613428115845,-0.3222200274467468,0.21762937307357788,0.7373241186141968,-0.4018576443195343
2527-12_70666.jpg,0.5217711329460144,0.2659107446670532,0.2780280113220215,0.52350252866745,0.2564701437950134,0.25564008951187134,0.5219264626502991,0.2544711232185364,0.255693644285202,0.5200547575950623,0.25256192684173584,0.2557207942008972,0.5290704965591431,0.26305562257766724,0.2697151005268097,0.5313091278076172,0.2657349705696106,0.26970601081848145,0.5333406329154968,0.268237829208374,0.269616961479187,0.5208781957626343,0.25654086470603943,0.15471670031547546,0.540215790271759,0.2788962125778198,0.21854060888290405,0.518413782119751,0.27034294605255127,0.2432522475719452,0.5253689289093018,0.2785872220993042,0.26180556416511536,0.48372682929039,0.27872270345687866,0.0905078575015068,0.5576801300048828,0.37564897537231445,0.15672527253627777,0.4284035563468933,0.37403684854507446,0.036260925233364105,0.5276645421981812,0.5010980367660522,0.15463490784168243,0.38222482800483704,0.47232136130332947,0.02016427367925644,0.4911879301071167,0.5899624228477478,0.18828174471855164,0.372172474861145,0.48824426531791687,0.00793522223830223,0.485623300075531,0.6075614094734192,0.18806014955043793,0.3757936358451843,0.4952048063278198,0.004946911241859198,0.4798528552055359,0.6023759841918945,0.18365168571472168,0.38002002239227295,0.4897122383117676,0.018938817083835602,0.47991129755973816,0.5931851863861084,0.1874261200428009,0.43392127752304077,0.4427979588508606,0.004359387792646885,0.4659581482410431,0.5111550688743591,-0.004675246775150299,0.33534908294677734,0.5514535903930664,-0.04084571823477745,0.3630303740501404,0.6230918169021606,-0.1015772894024849,0.2532099783420563,0.6815680861473083,-0.12973421812057495,0.2520561218261719,0.7029138207435608,-0.22623085975646973,0.2463022917509079,0.7076840400695801,-0.1462918370962143,0.23935532569885254,0.7245795130729675,-0.24367496371269226,0.20771388709545135,0.7020841836929321,-0.23634152114391327,0.21096742153167725,0.7135702967643738,-0.34356391429901123
2527-12_70667.jpg,0.5291492342948914,0.2553979754447937,0.12382160127162933,0.5301549434661865,0.2444169521331787,0.08731324225664139,0.5281280875205994,0.24239632487297058,0.08731985837221146,0.5258476734161377,0.24061748385429382,0.08730858564376831,0.5366693735122681,0.25110483169555664,0.10554204881191254,0.5389686822891235,0.25373706221580505,0.10555488616228104,0.5409606695175171,0.25629979372024536,0.10544701665639877,0.5266476273536682,0.24569618701934814,-0.04613951966166496,0.5465100407600403,0.267082542181015,0.03558235988020897,0.5257588028907776,0.25999850034713745,0.0810423418879509,0.533720850944519,0.2677333652973175,0.10466989129781723,0.4850638508796692,0.268576055765152,-0.11584404110908508,0.563156247138977,0.3652630150318146,0.018030621111392975,0.42933446168899536,0.353751003742218,-0.14475375413894653,0.5334893465042114,0.4870759844779968,0.022875774651765823,0.3702429533004761,0.43548035621643066,-0.13427893817424774,0.49485376477241516,0.5888338685035706,0.01844525709748268,0.3544745445251465,0.4557268023490906,-0.14845611155033112,0.48691752552986145,0.6093329787254333,0.02369656227529049,0.3550844192504883,0.457587867975235,-0.1439121514558792,0.4821352958679199,0.6051580905914307,0.008384604007005692,0.36181071400642395,0.45360082387924194,-0.13107486069202423,0.4822920560836792,0.5961058735847473,0.013013730756938457,0.42973390221595764,0.4607877731323242,-0.036252617835998535,0.4630679786205292,0.5221640467643738,0.035958483815193176,0.3375263810157776,0.5631462335586548,-0.05227476358413696,0.3632805645465851,0.6092835664749146,0.030735673382878304,0.25240975618362427,0.6913836002349854,-0.019114339724183083,0.2686695158481598,0.7043288350105286,0.06151333823800087,0.24248860776424408,0.7168905138969421,-0.019215242937207222,0.2572071850299835,0.7274037003517151,0.06354872137308121,0.21937650442123413,0.7067453861236572,-0.0826500803232193,0.24386034905910492,0.719812273979187,-0.0002867799485102296
2527-12_70668.jpg,0.5346870422363281,0.25197774171829224,0.06352582573890686,0.5337018370628357,0.2397729456424713,0.023171449080109596,0.5314127802848816,0.2377205491065979,0.02319285273551941,0.5290576219558716,0.23582196235656738,0.023174799978733063,0.5405872464179993,0.2469819188117981,0.035038311034440994,0.5426952838897705,0.24975764751434326,0.03503065183758736,0.5447128415107727,0.25235995650291443,0.03491506725549698,0.5282214879989624,0.2415858805179596,-0.10666034370660782,0.546635627746582,0.26070258021354675,-0.052483949810266495,0.5303283929824829,0.2577407956123352,0.024880416691303253,0.5381633043289185,0.265623539686203,0.04053674638271332,0.48200690746307373,0.26934894919395447,-0.14849866926670074,0.5643162727355957,0.35941213369369507,-0.07170111685991287,0.43440258502960205,0.36410805583000183,-0.15199722349643707,0.5303699970245361,0.47845035791397095,-0.05681290104985237,0.3814212679862976,0.4570096731185913,-0.12494026124477386,0.49154359102249146,0.5784116387367249,-0.030116690322756767,0.3659120798110962,0.47949379682540894,-0.13351793587207794,0.4853260815143585,0.6013901233673096,-0.024045580998063087,0.36490803956985474,0.4815922975540161,-0.13180667161941528,0.4817333221435547,0.5985260009765625,-0.0362689383327961,0.3751092255115509,0.47642573714256287,-0.12333843111991882,0.4818572700023651,0.5896210074424744,-0.03372500464320183,0.42696720361709595,0.49192842841148376,-0.025264279916882515,0.45340871810913086,0.532742977142334,0.024998528882861137,0.34137073159217834,0.5819175243377686,0.03061320260167122,0.365170419216156,0.6212350726127625,0.09637796878814697,0.262914776802063,0.7071900963783264,0.12130887061357498,0.2829872965812683,0.7252349853515625,0.1837427318096161,0.2520063519477844,0.7233323454856873,0.12808595597743988,0.2702566683292389,0.740516185760498,0.19217650592327118,0.23885208368301392,0.7102700471878052,0.08377397060394287,0.26310664415359497,0.7238537073135376,0.14342260360717773
2527-12_70669.jpg,0.5370529890060425,0.25412416458129883,-0.07596813142299652,0.5345832109451294,0.23886466026306152,-0.09838370233774185,0.5328221321105957,0.23754218220710754,-0.0984276533126831,0.5310481786727905,0.23636862635612488,-0.09848606586456299,0.5384447574615479,0.24468210339546204,-0.09742601960897446,0.5390871167182922,0.2466048300266266,-0.09748808294534683,0.5396741032600403,0.24810227751731873,-0.09763885289430618,0.5264790654182434,0.24616050720214844,-0.15413282811641693,0.5366608500480652,0.25416654348373413,-0.1481054425239563,0.5326941609382629,0.2674069404602051,-0.08824847638607025,0.5353496670722961,0.27255985140800476,-0.08633309602737427,0.472337543964386,0.29035788774490356,-0.13068313896656036,0.5570719242095947,0.35640937089920044,-0.14343538880348206,0.45209625363349915,0.40580809116363525,-0.1109396368265152,0.5135987401008606,0.4646567404270172,-0.1242121085524559,0.4499862790107727,0.541688859462738,-0.12136757373809814,0.4918103814125061,0.5771616697311401,-0.1521449089050293,0.44568201899528503,0.5710901021957397,-0.13110658526420593,0.4813033640384674,0.6019130349159241,-0.16397850215435028,0.4469161927700043,0.5738978385925293,-0.1412503719329834,0.4807499051094055,0.6032118797302246,-0.1808037906885147,0.44893205165863037,0.5641288757324219,-0.12629131972789764,0.47600501775741577,0.5883021950721741,-0.1600729376077652,0.43785202503204346,0.5069975852966309,-0.0021009042393416166,0.45437514781951904,0.5341376662254333,0.0021556580904871225,0.3659275770187378,0.5974670052528381,0.0007977374480105937,0.37992891669273376,0.6190804243087769,0.004205075558274984,0.30171382427215576,0.6893981099128723,0.07454641908407211,0.3067653775215149,0.7007216811180115,0.07229394465684891,0.28641843795776367,0.7090259790420532,0.07733864337205887,0.2880443334579468,0.7070683240890503,0.07669037580490112,0.27587294578552246,0.7088942527770996,-0.001313406741246581,0.28001120686531067,0.7212344408035278,-0.004014073871076107
2527-12_70670.jpg,0.5134742259979248,0.26778122782707214,-0.27103859186172485,0.5159792304039001,0.2471974492073059,-0.2823529839515686,0.515334963798523,0.24692359566688538,-0.28240859508514404,0.514756977558136,0.246387779712677,-0.2825225293636322,0.5190767645835876,0.24821290373802185,-0.28003549575805664,0.5206582546234131,0.24856960773468018,-0.28009966015815735,0.5225414037704468,0.24846160411834717,-0.28029727935791016,0.5160245895385742,0.2501218318939209,-0.2625192701816559,0.5261219143867493,0.2515680491924286,-0.2509785294532776,0.5119857788085938,0.27801835536956787,-0.2551175057888031,0.5130447149276733,0.28109708428382874,-0.2517879903316498,0.5560827851295471,0.3502787947654724,-0.20677223801612854,0.4619428515434265,0.2990703284740448,-0.1906823068857193,0.532246470451355,0.48502036929130554,-0.17744095623493195,0.4422321617603302,0.4327116012573242,-0.14729659259319305,0.501574695110321,0.5936077833175659,-0.24233978986740112,0.43218138813972473,0.5703466534614563,-0.20486503839492798,0.4965779483318329,0.6165724992752075,-0.2699200212955475,0.42257362604141235,0.5997591018676758,-0.2303519994020462,0.4898117184638977,0.6098427772521973,-0.28930655121803284,0.4299297034740448,0.6053266525268555,-0.25748559832572937,0.48714566230773926,0.599655270576477,-0.2519809901714325,0.43488964438438416,0.5977468490600586,-0.21748870611190796,0.4714677035808563,0.5550388693809509,-0.01968103088438511,0.44375619292259216,0.5362398624420166,0.019626138731837273,0.4405059516429901,0.5865892171859741,0.12528347969055176,0.38455963134765625,0.5852750539779663,0.22166568040847778,0.3841656446456909,0.6750465631484985,0.3589004576206207,0.33796805143356323,0.6659752130508423,0.46486371755599976,0.37673506140708923,0.6909176111221313,0.3812936246395111,0.33070921897888184,0.6739641427993774,0.48842155933380127,0.3619416654109955,0.6962308883666992,0.3297899067401886,0.31270718574523926,0.6739623546600342,0.43499666452407837
2527-12_70671.jpg,0.4984961748123169,0.2909966707229614,-0.5232155323028564,0.5052992105484009,0.26261717081069946,-0.5180480480194092,0.5083638429641724,0.26280322670936584,-0.5181118845939636,0.5116807818412781,0.2629868686199188,-0.518265962600708,0.49707821011543274,0.2634936273097992,-0.5142262578010559,0.4944949746131897,0.2639014720916748,-0.5143327713012695,0.49248456954956055,0.2639451324939728,-0.5144727230072021,0.5166216492652893,0.26230761408805847,-0.41238802671432495,0.488583505153656,0.2615512013435364,-0.39326635003089905,0.5041429400444031,0.2974928617477417,-0.476418673992157,0.493089497089386,0.3005370795726776,-0.47109684348106384,0.5490086078643799,0.352800190448761,-0.31767162680625916,0.4464595913887024,0.3215203881263733,-0.2876633405685425,0.5330954194068909,0.4858946204185486,-0.30905744433403015,0.43944868445396423,0.4510434865951538,-0.25058281421661377,0.5043256282806396,0.5907621383666992,-0.41280245780944824,0.4480040371417999,0.5814549326896667,-0.3367590010166168,0.4996492266654968,0.618969738483429,-0.4551098346710205,0.4395098090171814,0.6089420914649963,-0.37288472056388855,0.49297505617141724,0.6116390824317932,-0.4766991138458252,0.44837647676467896,0.6108304858207703,-0.3984561860561371,0.4927436113357544,0.600774347782135,-0.4234756827354431,0.4526039659976959,0.6009910106658936,-0.3488406240940094,0.49021321535110474,0.5758355855941772,-0.013504121452569962,0.43837887048721313,0.5447753667831421,0.013509123586118221,0.48653629422187805,0.6142162084579468,0.04554462060332298,0.40526774525642395,0.6068933606147766,0.11221326887607574,0.44480738043785095,0.6592943072319031,0.3945977985858917,0.38281169533729553,0.6492441892623901,0.43096038699150085,0.43952813744544983,0.6626607179641724,0.4291975200176239,0.38244497776031494,0.6611188650131226,0.4632328152656555,0.42997848987579346,0.6959550380706787,0.37058350443840027,0.3600609302520752,0.6668611764907837,0.3925356864929199
2527-12_70672.jpg,0.48056891560554504,0.2949891984462738,-0.4168577790260315,0.4809858202934265,0.2690209448337555,-0.41576820611953735,0.48260796070098877,0.26722076535224915,-0.4158533215522766,0.484263151884079,0.2655356228351593,-0.4159682095050812,0.4773653745651245,0.27050817012786865,-0.4086899161338806,0.47658079862594604,0.26975390315055847,-0.4087783694267273,0.47460120916366577,0.26894640922546387,-0.4089162051677704,0.4879037141799927,0.26309734582901,-0.33136630058288574,0.4741976857185364,0.26561281085014343,-0.2981373071670532,0.4844251275062561,0.3024834990501404,-0.377705842256546,0.47876375913619995,0.30248352885246277,-0.3683913052082062,0.5339270234107971,0.3497600257396698,-0.2563350200653076,0.43424132466316223,0.33556699752807617,-0.19638819992542267,0.5297487378120422,0.49063539505004883,-0.24911409616470337,0.43242236971855164,0.4609975218772888,-0.14861604571342468,0.4973474144935608,0.59786456823349,-0.3274446725845337,0.45459508895874023,0.5771521925926208,-0.22376321256160736,0.49111539125442505,0.62493896484375,-0.36439013481140137,0.4526074230670929,0.606837809085846,-0.25084981322288513,0.48462507128715515,0.6155121326446533,-0.37883028388023376,0.4618663489818573,0.6050500273704529,-0.2767951786518097,0.4852136969566345,0.6038004159927368,-0.33354634046554565,0.46425047516822815,0.594599723815918,-0.23501695692539215,0.49697527289390564,0.5921087265014648,-0.019651958718895912,0.4429866075515747,0.5748170018196106,0.019750647246837616,0.4856882393360138,0.7172718644142151,-0.04429406672716141,0.4390864074230194,0.7030268907546997,0.006387817673385143,0.4822826683521271,0.8220425844192505,0.25274455547332764,0.44531121850013733,0.8215101361274719,0.2763592302799225,0.48226016759872437,0.8335954546928406,0.2797945737838745,0.4475269019603729,0.8359765410423279,0.30270835757255554,0.4803573489189148,0.8806770443916321,0.20499876141548157,0.4423198699951172,0.8804839253425598,0.218071848154068
2527-12_70673.jpg,0.4604506492614746,0.2876092195510864,-0.3432047963142395,0.46126964688301086,0.2678799331188202,-0.34080392122268677,0.46208661794662476,0.26628735661506653,-0.34088408946990967,0.46294480562210083,0.26418960094451904,-0.34098419547080994,0.4598148763179779,0.26842001080513,-0.3337368667125702,0.4596595764160156,0.267545610666275,-0.3337962329387665,0.45864975452423096,0.26668310165405273,-0.333927184343338,0.46734437346458435,0.2611256539821625,-0.2608405351638794,0.4594786465167999,0.26681169867515564,-0.2289428561925888,0.4638673663139343,0.29906338453292847,-0.30728569626808167,0.46092960238456726,0.29943546652793884,-0.29830026626586914,0.5168899297714233,0.3411353826522827,-0.1942724585533142,0.42344745993614197,0.33882421255111694,-0.13319405913352966,0.5188350081443787,0.48121407628059387,-0.18098680675029755,0.4260905086994171,0.4649007320404053,-0.09194815158843994,0.49809446930885315,0.5856465101242065,-0.26597627997398376,0.44684359431266785,0.5631089210510254,-0.1721012443304062,0.49385833740234375,0.609927773475647,-0.3005853593349457,0.4471835196018219,0.5945601463317871,-0.19704526662826538,0.4869444668292999,0.6038159728050232,-0.3192858397960663,0.4561750292778015,0.5927849411964417,-0.22532054781913757,0.48628848791122437,0.5933055877685547,-0.27449363470077515,0.45791497826576233,0.5832353234291077,-0.18456995487213135,0.4924413561820984,0.5878734588623047,-0.02140742540359497,0.4436451494693756,0.5827672481536865,0.021507183089852333,0.48732349276542664,0.7435976266860962,-0.055607013404369354,0.4529009163379669,0.7296756505966187,0.037722181528806686,0.48519033193588257,0.8355915546417236,0.22070327401161194,0.4549870491027832,0.8686927556991577,0.2514966130256653,0.48386329412460327,0.8435488343238831,0.24503637850284576,0.457028865814209,0.8855350017547607,0.2699912488460541,0.48482757806777954,0.8877863883972168,0.16776688396930695,0.45260271430015564,0.9269499778747559,0.17293594777584076
2527-12_70674.jpg,0.4386803209781647,0.24489083886146545,-0.2058287262916565,0.4379078447818756,0.21973729133605957,-0.21030405163764954,0.4365084767341614,0.22077126801013947,-0.2103785127401352,0.4351034462451935,0.2218795120716095,-0.21047842502593994,0.4420528709888458,0.22020787000656128,-0.2060668170452118,0.4433958828449249,0.22155973315238953,-0.20611163973808289,0.44465014338493347,0.22313281893730164,-0.2062665969133377,0.43767881393432617,0.23424193263053894,-0.1925431787967682,0.4473719596862793,0.23578453063964844,-0.17203563451766968,0.4433746635913849,0.2595158517360687,-0.19524714350700378,0.4405119717121124,0.2599357068538666,-0.18941529095172882,0.5017804503440857,0.32354822754859924,-0.16133365035057068,0.4124297797679901,0.33683717250823975,-0.15236687660217285,0.5118995904922485,0.4630333483219147,-0.17388640344142914,0.42355483770370483,0.46330779790878296,-0.1390383541584015,0.5006886124610901,0.5715252757072449,-0.2474362701177597,0.44708454608917236,0.5622541308403015,-0.2096034586429596,0.5006589889526367,0.6000323295593262,-0.2808040678501129,0.44479480385780334,0.5966044664382935,-0.24207080900669098,0.4921157956123352,0.599605143070221,-0.2961173355579376,0.45230400562286377,0.5961297154426575,-0.26563483476638794,0.4905219078063965,0.5889272689819336,-0.256069153547287,0.4549051821231842,0.5841382145881653,-0.22224582731723785,0.4898248314857483,0.5564913749694824,-0.002023477340117097,0.4539434611797333,0.5680994987487793,0.0020846847910434008,0.503240168094635,0.6790555715560913,-0.008328485302627087,0.45957666635513306,0.7000552415847778,0.015429515391588211,0.5012941360473633,0.8113216757774353,0.2776924967765808,0.463410347700119,0.8255782127380371,0.27991148829460144,0.49839624762535095,0.8261568546295166,0.3018816411495209,0.4634944200515747,0.8435742855072021,0.3029731214046478,0.5097598433494568,0.8602105379104614,0.2158311903476715,0.47263193130493164,0.8730267286300659,0.20238369703292847
2527-12_70675.jpg,0.427714467048645,0.24883872270584106,-0.5246203541755676,0.42648637294769287,0.23230823874473572,-0.513196587562561,0.42817437648773193,0.2321115881204605,-0.5132641792297363,0.4299304485321045,0.23189622163772583,-0.5133563280105591,0.4229276776313782,0.23384159803390503,-0.5083509683609009,0.4221506714820862,0.2345065474510193,-0.5083860158920288,0.4203868508338928,0.23599201440811157,-0.5084760785102844,0.43461471796035767,0.2358720600605011,-0.398304283618927,0.4221479594707489,0.24361291527748108,-0.3757079243659973,0.43551474809646606,0.261983722448349,-0.4781220257282257,0.42886465787887573,0.26411765813827515,-0.47169220447540283,0.49207305908203125,0.31091147661209106,-0.3169236183166504,0.39931800961494446,0.33727332949638367,-0.2926618456840515,0.5101932287216187,0.4507366716861725,-0.3352274000644684,0.4158354103565216,0.46080049872398376,-0.26655060052871704,0.5028656721115112,0.5665542483329773,-0.45501017570495605,0.44652828574180603,0.5619567632675171,-0.35997673869132996,0.5050790309906006,0.5991644263267517,-0.5060729384422302,0.44691765308380127,0.5955054759979248,-0.40300148725509644,0.49587270617485046,0.5993400812149048,-0.5309121608734131,0.4555261433124542,0.5939311981201172,-0.43096300959587097,0.4925670921802521,0.5870609283447266,-0.46785062551498413,0.4569128751754761,0.5820299386978149,-0.3742850124835968,0.5044833421707153,0.534841775894165,0.006457705516368151,0.45498478412628174,0.5604243874549866,-0.00647742860019207,0.5731826424598694,0.5827147364616394,0.13891173899173737,0.4591047167778015,0.6872777938842773,0.09246078133583069,0.5673192739486694,0.522053599357605,0.5481300354003906,0.473256379365921,0.6363303065299988,0.5241450667381287,0.5622837543487549,0.5081840753555298,0.5912231802940369,0.47470808029174805,0.621864914894104,0.5711805820465088,0.5792348384857178,0.5359517335891724,0.5635111331939697,0.4849276542663574,0.6611788868904114,0.5351449847221375
2527-12_70676.jpg,0.4089864194393158,0.2517494261264801,-0.44699952006340027,0.41315779089927673,0.23507438600063324,-0.44100943207740784,0.4161525368690491,0.23436278104782104,-0.44108036160469055,0.41912317276000977,0.23393817245960236,-0.44119611382484436,0.40725305676460266,0.23790693283081055,-0.4333949089050293,0.406030535697937,0.2390802800655365,-0.43343064188957214,0.40510159730911255,0.24031135439872742,-0.43352359533309937,0.4254949688911438,0.24022701382637024,-0.3531339168548584,0.4081549644470215,0.24948742985725403,-0.3165387809276581,0.4186638593673706,0.26619353890419006,-0.4092206656932831,0.4105064272880554,0.26914340257644653,-0.39914485812187195,0.4779076874256134,0.2994930148124695,-0.28562992811203003,0.3888353705406189,0.34642264246940613,-0.22330278158187866,0.5123744010925293,0.4299391210079193,-0.28795844316482544,0.4157007932662964,0.47028157114982605,-0.17937995493412018,0.5310944318771362,0.5464552044868469,-0.39476001262664795,0.44644325971603394,0.5678324699401855,-0.27065685391426086,0.5392099618911743,0.5790418982505798,-0.44189149141311646,0.4472584128379822,0.5995228290557861,-0.3094339668750763,0.5309136509895325,0.5854913592338562,-0.4641745388507843,0.45115774869918823,0.5998052358627319,-0.3433944880962372,0.5251548290252686,0.5736475586891174,-0.406236469745636,0.45303666591644287,0.5895724296569824,-0.28803879022598267,0.5084545612335205,0.5162956118583679,-0.014114745892584324,0.46546462178230286,0.5553631782531738,0.01401486899703741,0.5781634449958801,0.5509101152420044,0.18282723426818848,0.5107142925262451,0.6555155515670776,0.20282116532325745,0.6177108287811279,0.5390278100967407,0.5281383395195007,0.5525622367858887,0.7145096659660339,0.5429124236106873,0.6233392357826233,0.5508613586425781,0.5602561235427856,0.5596455335617065,0.7203718423843384,0.5752021074295044,0.6530027985572815,0.575873851776123,0.4747850298881531,0.5676204562187195,0.7614577412605286,0.4816313087940216
2527-12_70677.jpg,0.41748228669166565,0.2700970470905304,-0.36397263407707214,0.42008262872695923,0.25552505254745483,-0.3555908501148224,0.4220646619796753,0.25424474477767944,-0.35565999150276184,0.4241277575492859,0.2528189420700073,-0.3557470440864563,0.414254367351532,0.25668153166770935,-0.35849082469940186,0.41204631328582764,0.25624895095825195,-0.35851043462753296,0.4102703928947449,0.2555108070373535,-0.3585663139820099,0.42437851428985596,0.2504754066467285,-0.2525721490383148,0.40732142329216003,0.25789329409599304,-0.2649034559726715,0.4219212830066681,0.2781739830970764,-0.3190681040287018,0.4150986671447754,0.2814539670944214,-0.32322052121162415,0.46363723278045654,0.28412795066833496,-0.16944089531898499,0.38334667682647705,0.3542380630970001,-0.16148248314857483,0.5101792216300964,0.37902265787124634,-0.1288067102432251,0.41526323556900024,0.4713421165943146,-0.1065288782119751,0.5538849830627441,0.47764572501182556,-0.22649739682674408,0.44696077704429626,0.5638513565063477,-0.17818929255008698,0.5672776699066162,0.49771928787231445,-0.2542913258075714,0.4507932960987091,0.5956381559371948,-0.20317472517490387,0.5621294975280762,0.5066908001899719,-0.2803359031677246,0.45309969782829285,0.5954332947731018,-0.23631131649017334,0.5526938438415527,0.5024306774139404,-0.23837821185588837,0.4551764726638794,0.5833135843276978,-0.1930776834487915,0.5101610422134399,0.47991496324539185,0.005753346718847752,0.477533757686615,0.5404551029205322,-0.005764808040112257,0.598131537437439,0.514404833316803,0.040372855961322784,0.5651213526725769,0.5894553661346436,-0.010638032108545303,0.6522595882415771,0.5604673624038696,0.2516835927963257,0.6430222988128662,0.6600213646888733,0.1838185042142868,0.6659513115882874,0.5780035853385925,0.2690402567386627,0.6530711054801941,0.6747491955757141,0.1997288018465042,0.6893693804740906,0.5905957221984863,0.18329475820064545,0.6709946990013123,0.6815081834793091,0.09938165545463562
2527-12_70678.jpg,0.42298948764801025,0.2716854512691498,0.2728460729122162,0.4184485077857971,0.26861968636512756,0.26012367010116577,0.4157085418701172,0.27112099528312683,0.26004695892333984,0.41297489404678345,0.2735564112663269,0.25995707511901855,0.42447879910469055,0.2621602714061737,0.24947667121887207,0.42588865756988525,0.2600595951080322,0.2494777888059616,0.4271289110183716,0.2581441402435303,0.24935562908649445,0.4059315621852875,0.2777191996574402,0.19200198352336884,0.42574137449264526,0.25722816586494446,0.1440027952194214,0.4189710319042206,0.2811191976070404,0.2523724138736725,0.4247587025165558,0.27351340651512146,0.23782086372375488,0.38275980949401855,0.36303386092185974,0.13019923865795135,0.451615571975708,0.2750857174396515,0.0565771646797657,0.417012482881546,0.47719210386276245,0.12730279564857483,0.5156319737434387,0.34271734952926636,0.02224978432059288,0.4547561705112457,0.5741153359413147,0.12664149701595306,0.5765988826751709,0.4270099699497223,0.05853143334388733,0.4577212333679199,0.6025564074516296,0.1268082708120346,0.5896947383880615,0.4477705657482147,0.06293539702892303,0.4635377526283264,0.5973312258720398,0.13206763565540314,0.5885530710220337,0.4507056772708893,0.07250810414552689,0.46321386098861694,0.5844660401344299,0.12835834920406342,0.5820657014846802,0.4453103542327881,0.06463038921356201,0.4769444465637207,0.5340354442596436,0.02052774839103222,0.5023598074913025,0.4676385223865509,-0.020967062562704086,0.5815442800521851,0.584730327129364,0.06691493839025497,0.5920150279998779,0.4729325771331787,0.05408388748764992,0.6852648258209229,0.630380392074585,0.041903600096702576,0.6742006540298462,0.5194254517555237,0.05636019632220268,0.7030495405197144,0.6395586729049683,0.03989564627408981,0.6886565089225769,0.53608638048172,0.05826764181256294,0.7106821537017822,0.6309822201728821,0.002485092496499419,0.7005117535591125,0.49690961837768555,0.03888542577624321
2527-12_70679.jpg,0.45990028977394104,0.31261807680130005,0.5191214084625244,0.4594978392124176,0.3113628327846527,0.5248268842697144,0.4574289917945862,0.31425878405570984,0.5248584747314453,0.45297324657440186,0.3172563910484314,0.5248377919197083,0.4634326994419098,0.30209749937057495,0.5068324208259583,0.4637555778026581,0.2991463541984558,0.5067785978317261,0.46379488706588745,0.29579102993011475,0.5065995454788208,0.43625015020370483,0.31606829166412354,0.4924134612083435,0.453463077545166,0.28512439131736755,0.4097156822681427,0.4506773352622986,0.3208996653556824,0.5057151317596436,0.4551698565483093,0.3107372522354126,0.48097071051597595,0.398227721452713,0.3675990700721741,0.3898133933544159,0.45065486431121826,0.26750433444976807,0.2649966776371002,0.4191126227378845,0.48449400067329407,0.32015013694763184,0.5086743235588074,0.3120999336242676,0.10175061970949173,0.4563482999801636,0.5804373621940613,0.2628752589225769,0.5755308866500854,0.36798614263534546,0.05674991011619568,0.4565397799015045,0.6096150279045105,0.2534932494163513,0.5966101288795471,0.3866368532180786,0.04842185601592064,0.4645201861858368,0.6048797369003296,0.26618969440460205,0.5978180170059204,0.38876253366470337,0.07292971014976501,0.46550944447517395,0.5909558534622192,0.2637786865234375,0.5886952877044678,0.3886973559856415,0.06635956466197968,0.46824517846107483,0.5303407311439514,0.03363848105072975,0.4875512421131134,0.4469373822212219,-0.03438547998666763,0.589121401309967,0.588496744632721,0.05012655258178711,0.6012091636657715,0.4635513126850128,-0.023103386163711548,0.6946746110916138,0.6461275815963745,-0.0623975470662117,0.6840419173240662,0.5039600729942322,-0.08432165533304214,0.7127271890640259,0.6536206007003784,-0.07754796743392944,0.6972140073776245,0.5319457650184631,-0.09478705376386642,0.7244625687599182,0.6456946134567261,-0.14403103291988373,0.7149327397346497,0.501969575881958,-0.15836156904697418
2527-12_70680.jpg,0.457538902759552,0.30460357666015625,0.5016719102859497,0.4541636109352112,0.3065142035484314,0.5067177414894104,0.4512764513492584,0.30935001373291016,0.5067510604858398,0.4483775794506073,0.312408983707428,0.506714940071106,0.4597722291946411,0.2901216447353363,0.49046680331230164,0.4600570797920227,0.2866237163543701,0.49044811725616455,0.46045124530792236,0.28282713890075684,0.49027732014656067,0.43720659613609314,0.3181869089603424,0.4666699171066284,0.45673543214797974,0.28999173641204834,0.3926597237586975,0.4518628716468811,0.31875675916671753,0.48403680324554443,0.45503705739974976,0.306308388710022,0.4618937075138092,0.4110986590385437,0.3811359703540802,0.37360209226608276,0.455737441778183,0.2755814790725708,0.24193838238716125,0.42079392075538635,0.49803152680397034,0.32634127140045166,0.5112864971160889,0.30382150411605835,0.10168708860874176,0.4484700858592987,0.5787383317947388,0.26824331283569336,0.57790207862854,0.35180893540382385,0.06112010031938553,0.4476814270019531,0.6062711477279663,0.26231613755226135,0.5936564207077026,0.35506653785705566,0.052605047821998596,0.45568138360977173,0.6034719944000244,0.2686420977115631,0.5943255424499512,0.3587561845779419,0.07727610319852829,0.4569644629955292,0.5915287137031555,0.26750361919403076,0.5879035592079163,0.3632759749889374,0.07141934335231781,0.4669487476348877,0.522246241569519,0.040645696222782135,0.4850412607192993,0.44089412689208984,-0.04132029414176941,0.5873726606369019,0.5997394323348999,0.059365175664424896,0.5955514311790466,0.43662965297698975,-0.020397666841745377,0.6911085844039917,0.6554962992668152,-0.044784948229789734,0.6967880725860596,0.4848565459251404,-0.10227981954813004,0.7122029066085815,0.6636655330657959,-0.058761317282915115,0.7099621295928955,0.503968358039856,-0.11412342637777328,0.7279741764068604,0.6684370636940002,-0.12089169770479202,0.729584276676178,0.4774535298347473,-0.16816583275794983
2527-12_70681.jpg,0.4597906470298767,0.30973923206329346,0.5563071966171265,0.45726487040519714,0.3043544292449951,0.5546312928199768,0.4537598490715027,0.3060150742530823,0.554634690284729,0.45116832852363586,0.30675196647644043,0.5545220971107483,0.4627724885940552,0.2996037006378174,0.5512262582778931,0.46402108669281006,0.29808396100997925,0.5512620210647583,0.465146541595459,0.2963728606700897,0.5511794090270996,0.44515982270240784,0.3095436096191406,0.49117356538772583,0.46675825119018555,0.2957277297973633,0.4763500690460205,0.4549364745616913,0.3176533877849579,0.5297759771347046,0.46107515692710876,0.31345945596694946,0.5248087048530579,0.4263213276863098,0.3402165472507477,0.3753500282764435,0.48916181921958923,0.3026390075683594,0.35125836730003357,0.44799456000328064,0.4490986168384552,0.27680182456970215,0.5332397222518921,0.31629687547683716,0.21649788320064545,0.45879608392715454,0.548218309879303,0.18232105672359467,0.5830124020576477,0.3780791461467743,0.16700923442840576,0.4548344016075134,0.5844234824180603,0.16699562966823578,0.5960979461669922,0.38539206981658936,0.15874792635440826,0.46159064769744873,0.5779722929000854,0.18292683362960815,0.594397783279419,0.3873993754386902,0.17597338557243347,0.46312662959098816,0.5620419979095459,0.18458192050457,0.5882750153541565,0.3883180022239685,0.17175237834453583,0.4456823468208313,0.4671589434146881,0.008361871354281902,0.477568656206131,0.426737904548645,-0.00881881918758154,0.5602248907089233,0.5579405426979065,-0.012957300990819931,0.5978742837905884,0.46534833312034607,-0.051748648285865784,0.6636653542518616,0.5713196396827698,-0.16671280562877655,0.6823362112045288,0.5513207316398621,-0.17226479947566986,0.6773019433021545,0.5784100294113159,-0.1878945529460907,0.6991059184074402,0.5340294241905212,-0.18979015946388245,0.6948748826980591,0.5923503637313843,-0.2678391933441162,0.7138235569000244,0.5810545682907104,-0.267907053232193
2527-12_70682.jpg,0.5182240009307861,0.34432342648506165,0.319915771484375,0.5203178524971008,0.3451216220855713,0.3422238230705261,0.5195300579071045,0.34607893228530884,0.3421746790409088,0.5189419388771057,0.3468192219734192,0.34210509061813354,0.5241073369979858,0.33833950757980347,0.32409942150115967,0.5249809622764587,0.33619335293769836,0.3241611123085022,0.5260421633720398,0.33358854055404663,0.3240847587585449,0.5147120356559753,0.34050068259239197,0.38957536220550537,0.5251571536064148,0.3224678039550781,0.3027186691761017,0.5127940773963928,0.3465372920036316,0.33380401134490967,0.5160170793533325,0.3381255269050598,0.3084961771965027,0.4665168821811676,0.3626479208469391,0.3688748776912689,0.5122761726379395,0.306253045797348,0.19280663132667542,0.45734336972236633,0.46344077587127686,0.3140396773815155,0.5504804849624634,0.38250842690467834,0.02547864429652691,0.46103036403656006,0.5699726343154907,0.2352028787136078,0.5793449878692627,0.4148062765598297,-0.05142673850059509,0.45596766471862793,0.5946928262710571,0.23145511746406555,0.5920056104660034,0.4516269266605377,-0.06662801653146744,0.4584430158138275,0.5963037014007568,0.22919568419456482,0.5895561575889587,0.423109233379364,-0.04483596980571747,0.4615230858325958,0.585726797580719,0.23129472136497498,0.5824428796768188,0.4188298285007477,-0.04501574486494064,0.4394194185733795,0.44570115208625793,0.08935567736625671,0.4627637565135956,0.3933832049369812,-0.08994200080633163,0.5506563782691956,0.5435649156570435,0.09198494255542755,0.5937169790267944,0.44812536239624023,-0.03465529531240463,0.6084023118019104,0.6433124542236328,0.05541301146149635,0.7011058330535889,0.49946433305740356,-0.06328988820314407,0.6183899641036987,0.6088303327560425,0.049087826162576675,0.734405517578125,0.6062315702438354,-0.06990985572338104,0.6385414600372314,0.5840734243392944,-0.007129266392439604,0.7390652298927307,0.4752673804759979,-0.14055244624614716
2527-12_70683.jpg,0.5236232280731201,0.37815970182418823,0.2580070495605469,0.5253243446350098,0.3719664514064789,0.2706396281719208,0.523657500743866,0.372037410736084,0.27053970098495483,0.5219944715499878,0.3720625936985016,0.27044039964675903,0.5286222696304321,0.3678101897239685,0.2493571788072586,0.5292652249336243,0.3648294508457184,0.2494543045759201,0.5299348831176758,0.3619854748249054,0.24936281144618988,0.5128045678138733,0.358427494764328,0.2980594336986542,0.5234948396682739,0.34703487157821655,0.1990051418542862,0.5153096914291382,0.378358393907547,0.268467515707016,0.5183969736099243,0.3723280429840088,0.23959583044052124,0.48066091537475586,0.36112073063850403,0.28545013070106506,0.5195507407188416,0.3173297345638275,0.09362480044364929,0.49775323271751404,0.45783498883247375,0.2527928352355957,0.5551069378852844,0.38411957025527954,-0.048110950738191605,0.5232062935829163,0.5627192258834839,0.18812760710716248,0.5828108787536621,0.4362249970436096,-0.09715507179498672,0.5291604399681091,0.5840778350830078,0.18288709223270416,0.5895720720291138,0.4445655345916748,-0.11578603088855743,0.531933069229126,0.5849944949150085,0.17627978324890137,0.5914138555526733,0.4441741704940796,-0.09816058725118637,0.5293483734130859,0.578360915184021,0.18212532997131348,0.5888985395431519,0.4438905119895935,-0.09215277433395386,0.4205566942691803,0.4492707848548889,0.09598074853420258,0.4469885528087616,0.4167492687702179,-0.09666460752487183,0.5143840909004211,0.5476284027099609,0.07932405918836594,0.5660008788108826,0.45229992270469666,-0.11469284445047379,0.5304824113845825,0.6156452298164368,0.1036868616938591,0.6680169701576233,0.49384722113609314,-0.10001466423273087,0.5325716733932495,0.6222301721572876,0.10712144523859024,0.6735509634017944,0.5702004432678223,-0.09675206989049911,0.5368868708610535,0.6181308627128601,0.06576208025217056,0.7057445049285889,0.48761528730392456,-0.14647255837917328
2527-12_70684.jpg,0.5358641743659973,0.33619195222854614,0.17656198143959045,0.5462149977684021,0.3480530083179474,0.1801823526620865,0.5461758375167847,0.35344329476356506,0.18013501167297363,0.5456028580665588,0.3552198112010956,0.17998839914798737,0.5462061762809753,0.34695354104042053,0.19676998257637024,0.5458043813705444,0.34732407331466675,0.19685453176498413,0.5451006889343262,0.3475550413131714,0.19688424468040466,0.5393875241279602,0.3606685996055603,0.19275949895381927,0.5343424081802368,0.33740782737731934,0.2700318396091461,0.5345765352249146,0.3472169041633606,0.17989957332611084,0.5335913300514221,0.3394996225833893,0.20160545408725739,0.525651216506958,0.37757736444473267,0.14127863943576813,0.501069962978363,0.3470737040042877,0.2747591733932495,0.5636747479438782,0.4509790241718292,0.060690708458423615,0.49054738879203796,0.4206516146659851,0.24296872317790985,0.6130120158195496,0.49827858805656433,0.03788824751973152,0.5177031755447388,0.4663008153438568,0.20780904591083527,0.6272337436676025,0.5056065917015076,0.022242654114961624,0.5259720087051392,0.4824301600456238,0.21666297316551208,0.6253201961517334,0.5055574774742126,0.03841794282197952,0.5280617475509644,0.47659146785736084,0.21873854100704193,0.620139479637146,0.5025725364685059,0.04302046447992325,0.5270668268203735,0.4726407527923584,0.20757614076137543,0.43020743131637573,0.42404454946517944,-0.035528723150491714,0.41553860902786255,0.4045372009277344,0.03534708172082901,0.5355478525161743,0.5117537379264832,-0.04711941257119179,0.47133466601371765,0.5675918459892273,-0.035038236528635025,0.6725794672966003,0.5324586629867554,-0.11633630096912384,0.5458922386169434,0.6446142196655273,-0.06140931323170662,0.6815794706344604,0.5249987840652466,-0.12412253767251968,0.5543137788772583,0.6488485336303711,-0.06381615251302719,0.7045807242393494,0.5222432613372803,-0.17032314836978912,0.5664896965026855,0.6803770065307617,-0.11744564771652222
2527-12_70685.jpg,0.5501836538314819,0.36816856265068054,0.22533485293388367,0.5530045032501221,0.36993876099586487,0.24794968962669373,0.5516717433929443,0.3737337589263916,0.24787002801895142,0.5501196980476379,0.37777242064476013,0.2477005571126938,0.5550870895385742,0.36101052165031433,0.23909680545330048,0.555232048034668,0.35826969146728516,0.23910245299339294,0.5552520751953125,0.35544660687446594,0.2389671951532364,0.539900541305542,0.37815478444099426,0.3049278259277344,0.5470933318138123,0.3434380888938904,0.2630898952484131,0.5390129089355469,0.37967777252197266,0.24279126524925232,0.541871190071106,0.36485758423805237,0.23005534708499908,0.48361217975616455,0.4110594391822815,0.2952759563922882,0.5168262720108032,0.3196871280670166,0.16283927857875824,0.48902058601379395,0.5238608121871948,0.22083859145641327,0.5100600123405457,0.3647131323814392,-0.0047957017086446285,0.5305763483047485,0.5873615145683289,0.16261380910873413,0.5525497794151306,0.4173654317855835,-0.10945955663919449,0.537405788898468,0.6016671061515808,0.1562463939189911,0.5615317225456238,0.42988121509552,-0.12156960368156433,0.545194149017334,0.5984088182449341,0.15927955508232117,0.5652751922607422,0.4276784658432007,-0.11145160347223282,0.5442606210708618,0.5931934714317322,0.16077344119548798,0.5619090795516968,0.4273584485054016,-0.10876630246639252,0.3969857394695282,0.3916909098625183,0.07791875302791595,0.43692806363105774,0.32884228229522705,-0.07845521718263626,0.4258515238761902,0.5557751655578613,0.14939042925834656,0.5424491167068481,0.3841494917869568,-0.16437292098999023,0.4542425274848938,0.6961726546287537,0.20834146440029144,0.6143118143081665,0.5352950692176819,-0.2013441026210785,0.4647581875324249,0.7259969711303711,0.21362937986850739,0.6221797466278076,0.5859608054161072,-0.20502018928527832,0.5030074119567871,0.7463370561599731,0.15574510395526886,0.6744540929794312,0.5335392355918884,-0.2900952100753784
2527-12_70686.jpg,0.5457472801208496,0.4284490942955017,0.13359618186950684,0.5524813532829285,0.4235735535621643,0.14989353716373444,0.5518076419830322,0.4234941303730011,0.14977878332138062,0.5511620044708252,0.42320600152015686,0.14964932203292847,0.5556060671806335,0.41880953311920166,0.12941262125968933,0.5571371912956238,0.41548943519592285,0.12941977381706238,0.5586745738983154,0.41174957156181335,0.12923556566238403,0.5501797795295715,0.4009086787700653,0.21024104952812195,0.5592894554138184,0.3923488259315491,0.11552483588457108,0.535824179649353,0.4267388582229614,0.15632711350917816,0.5394517183303833,0.42190369963645935,0.12825006246566772,0.48827871680259705,0.39706718921661377,0.25775113701820374,0.5391041040420532,0.36521413922309875,0.026448573917150497,0.4377898871898651,0.4638058841228485,0.28548339009284973,0.4960635006427765,0.4509442448616028,-0.13053853809833527,0.4349821209907532,0.5773152709007263,0.2543566823005676,0.4999561011791229,0.543834924697876,-0.23159398138523102,0.44568124413490295,0.5942178964614868,0.26645976305007935,0.50437331199646,0.5576820373535156,-0.25168710947036743,0.4552479088306427,0.5964403748512268,0.2518877387046814,0.5081602334976196,0.5552586317062378,-0.22826962172985077,0.4440954923629761,0.5966551899909973,0.24811740219593048,0.5063762664794922,0.5544061660766602,-0.22458283603191376,0.38852307200431824,0.34596967697143555,0.08924434334039688,0.432553768157959,0.324014276266098,-0.08995381742715836,0.3989531099796295,0.549560010433197,0.15266826748847961,0.5327049493789673,0.4533230662345886,-0.08440083265304565,0.4294906556606293,0.6410205364227295,0.24687042832374573,0.5740371346473694,0.5688730478286743,-0.0727168396115303,0.4317914843559265,0.6505274772644043,0.2584533095359802,0.5727829337120056,0.5969380140304565,-0.0676453486084938,0.4556681215763092,0.6556386947631836,0.23533262312412262,0.6083992123603821,0.5864892601966858,-0.0945587158203125
2527-12_70687.jpg,0.5661500692367554,0.4176202416419983,0.05109250918030739,0.5736427307128906,0.41914668679237366,0.07209941744804382,0.5727956891059875,0.42200329899787903,0.07195144891738892,0.5719301700592041,0.4249350428581238,0.07179754972457886,0.5754990577697754,0.40783587098121643,0.05334964394569397,0.575860321521759,0.4025943875312805,0.05334014445543289,0.5761728882789612,0.39691632986068726,0.053233325481414795,0.5659829378128052,0.41374507546424866,0.1571117639541626,0.5703368782997131,0.37750115990638733,0.0707264319062233,0.5547605752944946,0.4208470582962036,0.0831327736377716,0.557450532913208,0.4038476347923279,0.057433344423770905,0.5115399360656738,0.41044217348098755,0.21546024084091187,0.543466329574585,0.3480314612388611,-0.01329688262194395,0.46721601486206055,0.46816879510879517,0.2149198055267334,0.512834906578064,0.40520191192626953,-0.16580688953399658,0.451314240694046,0.5889819264411926,0.1405242383480072,0.49367302656173706,0.5261789560317993,-0.2587222456932068,0.4509413540363312,0.6061224937438965,0.14286622405052185,0.48587384819984436,0.5521757006645203,-0.2784231901168823,0.4531126320362091,0.625761866569519,0.12571941316127777,0.4948476254940033,0.5529343485832214,-0.26246577501296997,0.4521734118461609,0.601930558681488,0.13157987594604492,0.4954458475112915,0.5434831380844116,-0.2528476417064667,0.39660340547561646,0.32766374945640564,0.08142298460006714,0.43334341049194336,0.30223119258880615,-0.08175099641084671,0.3669418394565582,0.49868595600128174,0.1714746356010437,0.4983576536178589,0.4122758209705353,-0.28648895025253296,0.33485639095306396,0.6722113490104675,0.2514089345932007,0.50412517786026,0.5849391222000122,-0.3473111093044281,0.31876319646835327,0.6840822696685791,0.25863325595855713,0.49245986342430115,0.5947895050048828,-0.3509475886821747,0.35545673966407776,0.7452713847160339,0.2193915843963623,0.5386960506439209,0.6501957178115845,-0.42209315299987793
2527-12_70688.jpg,0.5717501640319824,0.4128530025482178,0.011448959819972515,0.583500325679779,0.4231970012187958,0.03197282925248146,0.5830205678939819,0.4272095561027527,0.03189285099506378,0.5824280381202698,0.43090060353279114,0.03179343417286873,0.5852638483047485,0.40900835394859314,0.015255473554134369,0.5860588550567627,0.40395647287368774,0.015228916890919209,0.5867488980293274,0.3990853428840637,0.015197387896478176,0.5782716274261475,0.4251335859298706,0.12366020679473877,0.5839712023735046,0.38576507568359375,0.04844151437282562,0.560253918170929,0.4149394631385803,0.04564175009727478,0.5620719194412231,0.39947083592414856,0.02331639640033245,0.5286499261856079,0.40385258197784424,0.19124004244804382,0.5484976768493652,0.34569695591926575,-0.04372208192944527,0.5050302147865295,0.5014481544494629,0.152840718626976,0.5083132982254028,0.4279285967350006,-0.14710810780525208,0.5030032396316528,0.6153027415275574,0.027516178786754608,0.491040974855423,0.5605866312980652,-0.159113809466362,0.5011913776397705,0.6409969329833984,0.01597284898161888,0.48604390025138855,0.5908523797988892,-0.1795588880777359,0.5054662227630615,0.6424179077148438,-0.008985606953501701,0.49456894397735596,0.5970893502235413,-0.17087453603744507,0.5054591298103333,0.6344946622848511,0.012268835678696632,0.49526405334472656,0.5837566256523132,-0.1547897309064865,0.4122290015220642,0.3063103258609772,0.08464005589485168,0.43066948652267456,0.290855348110199,-0.08460305631160736,0.3443930149078369,0.46787765622138977,0.037904027849435806,0.45784351229667664,0.44582659006118774,-0.09444934874773026,0.2741924822330475,0.6343135237693787,0.014075741171836853,0.44642165303230286,0.6436207294464111,-0.10691004991531372,0.2552030682563782,0.6387479305267334,0.008212319575250149,0.42570042610168457,0.6582891345024109,-0.10879749804735184,0.28473562002182007,0.7291524410247803,-0.05971738323569298,0.482119083404541,0.7229570150375366,-0.16571784019470215
2527-12_70689.jpg,0.5828375220298767,0.42196905612945557,-0.10805755108594894,0.5914769768714905,0.42539751529693604,-0.08822522312402725,0.5909522175788879,0.42723724246025085,-0.08832413703203201,0.5902986526489258,0.42903557419776917,-0.08846493810415268,0.5929028987884521,0.41567933559417725,-0.1112314760684967,0.5933906435966492,0.41079193353652954,-0.11125479638576508,0.5937553644180298,0.40572357177734375,-0.11125382035970688,0.5871087908744812,0.41841891407966614,0.006609596312046051,0.5913563966751099,0.3874729573726654,-0.09553895890712738,0.5731726288795471,0.42012959718704224,-0.06982210278511047,0.5742661952972412,0.40740177035331726,-0.09968806058168411,0.5400099754333496,0.3888790011405945,0.11984866112470627,0.5500447750091553,0.340726763010025,-0.1572946161031723,0.4995821714401245,0.46796727180480957,0.16573968529701233,0.5065035820007324,0.43300294876098633,-0.21090325713157654,0.48970767855644226,0.5820077657699585,0.09041319787502289,0.4895535409450531,0.5426146984100342,-0.18405717611312866,0.488561749458313,0.610302209854126,0.09084862470626831,0.46958303451538086,0.5832467079162598,-0.20866766571998596,0.49271366000175476,0.6174976825714111,0.05699147284030914,0.485778272151947,0.583228349685669,-0.19965507090091705,0.49208036065101624,0.6047108173370361,0.07357893139123917,0.48705965280532837,0.5748631954193115,-0.179442897439003,0.41852229833602905,0.2892204225063324,0.09277001768350601,0.43381959199905396,0.27310362458229065,-0.09271804243326187,0.3461478352546692,0.43064868450164795,0.12214846909046173,0.44989013671875,0.4201037287712097,-0.09185628592967987,0.2717921733856201,0.5590501427650452,0.1927310675382614,0.4350479543209076,0.6047669649124146,-0.0320066399872303,0.2570253610610962,0.563471257686615,0.197841078042984,0.42001956701278687,0.6415820717811584,-0.02755993790924549,0.26808181405067444,0.6364432573318481,0.1606023758649826,0.47645872831344604,0.6919128894805908,-0.06738089770078659
2527-12_70690.jpg,0.5869149565696716,0.4158385396003723,-0.12583927810192108,0.5949440002441406,0.420258104801178,-0.10877520591020584,0.5943812131881714,0.4228120446205139,-0.10887841880321503,0.5937190055847168,0.4252224266529083,-0.10903351753950119,0.5962604284286499,0.40799668431282043,-0.12718579173088074,0.5966649055480957,0.4020289480686188,-0.12721848487854004,0.5969869494438171,0.3959895968437195,-0.12721475958824158,0.5902036428451538,0.41557592153549194,-0.023676617071032524,0.5939199328422546,0.3801499307155609,-0.10501134395599365,0.5761836171150208,0.4168698489665985,-0.09160938113927841,0.5769011974334717,0.401120662689209,-0.11552966386079788,0.5422924757003784,0.3859032094478607,0.08667152374982834,0.5517971515655518,0.3372690677642822,-0.16650855541229248,0.4944089651107788,0.4717378616333008,0.13910424709320068,0.5010436773300171,0.4341782331466675,-0.20971664786338806,0.4773690104484558,0.5957993865013123,0.08358608931303024,0.4846658408641815,0.5526469945907593,-0.18292799592018127,0.47691473364830017,0.6263725161552429,0.08879444003105164,0.4740954637527466,0.5917086601257324,-0.20674699544906616,0.4796619713306427,0.6290475130081177,0.053299423307180405,0.48337748646736145,0.5950939655303955,-0.19341444969177246,0.4793265163898468,0.6166731715202332,0.0670061931014061,0.48295122385025024,0.5856701135635376,-0.17730332911014557,0.42275509238243103,0.2833588123321533,0.08222437649965286,0.43534034490585327,0.25964662432670593,-0.08215939998626709,0.35606762766838074,0.4005506634712219,0.08320983499288559,0.4455370306968689,0.4078320860862732,-0.12739956378936768,0.27167803049087524,0.5316185355186462,0.11123531311750412,0.41062843799591064,0.5991778373718262,-0.09377916902303696,0.2557627856731415,0.5313065052032471,0.11185497790575027,0.38999244570732117,0.6370911598205566,-0.09103536605834961,0.26920607686042786,0.6128033399581909,0.07419265806674957,0.4362848401069641,0.7091737389564514,-0.12961681187152863
